{
  "graph": {
    "metadata": {
      "name": "Annual_Audit_Program_Planning_Process",
      "title": "Annual Audit Program Planning Process Workflow",
      "description": "Complete workflow for planning the annual AS9100D internal audit program with inputs and outputs. Includes management review analysis, risk-based prioritization, resource allocation, schedule development, and approval cycle with feedback loops for program adjustments.",
      "created": "2026-01-02",
      "modified": "2026-01-02"
    },
    "settings": {
      "nodeLabelSize": 12,
      "edgeLabelSize": 10,
      "worldBoundary": {
        "enabled": false,
        "minX": -2000,
        "maxX": 2000,
        "minY": -2000,
        "maxY": 2000
      }
    },
    "nodes": [
      {
        "id": "wf1_start",
        "name": "Start",
        "color": "#27ae60",
        "size": 18,
        "icon": "▶️",
        "description": "Begin Annual Audit Program Planning Process",
        "category": "start-end",
        "subCat": "Annual Planning",
        "link1": "",
        "link2": "",
        "link3": "",
        "link4": "",
        "priority": "Critical",
        "deadline": "",
        "userDate": "",
        "x": 100,
        "y": 100,
        "fx": 100,
        "fy": 100,
        "createdDate": "2026-01-02T00:00:00.000Z",
        "modifiedDate": "2026-01-02T00:00:00.000Z"
      },
      {
        "id": "input_mgmt_review_report",
        "name": "Management Review Report",
        "color": "#95a5a6",
        "size": 12,
        "icon": "📄",
        "description": "Previous management review outputs including improvement areas and strategic direction",
        "category": "input",
        "subCat": "Document",
        "link1": "",
        "link2": "",
        "link3": "",
        "link4": "",
        "priority": "High",
        "deadline": "",
        "userDate": "",
        "x": 200,
        "y": 0,
        "fx": 200,
        "fy": 0,
        "createdDate": "2026-01-02T00:00:00.000Z",
        "modifiedDate": "2026-01-02T00:00:00.000Z"
      },
      {
        "id": "input_previous_audit_results",
        "name": "Previous Audit Results",
        "color": "#95a5a6",
        "size": 12,
        "icon": "📊",
        "description": "Results and findings from previous audit cycle",
        "category": "input",
        "subCat": "Document",
        "link1": "",
        "link2": "",
        "link3": "",
        "link4": "",
        "priority": "High",
        "deadline": "",
        "userDate": "",
        "x": 300,
        "y": 0,
        "fx": 300,
        "fy": 0,
        "createdDate": "2026-01-02T00:00:00.000Z",
        "modifiedDate": "2026-01-02T00:00:00.000Z"
      },
      {
        "id": "wf1_task1",
        "name": "Review Management Review Results",
        "color": "#3498db",
        "size": 14,
        "icon": "📊",
        "description": "Review outputs from previous management review including identified improvement areas, organizational changes, and strategic direction",
        "category": "task",
        "subCat": "Annual Planning",
        "link1": "",
        "link2": "",
        "link3": "",
        "link4": "",
        "priority": "High",
        "deadline": "",
        "userDate": "",
        "x": 300,
        "y": 100,
        "fx": 300,
        "fy": 100,
        "createdDate": "2026-01-02T00:00:00.000Z",
        "modifiedDate": "2026-01-02T00:00:00.000Z"
      },
      {
        "id": "input_process_risk_assessments",
        "name": "Process Risk Assessments",
        "color": "#95a5a6",
        "size": 12,
        "icon": "📋",
        "description": "Risk assessments for all organizational processes",
        "category": "input",
        "subCat": "Document",
        "link1": "",
        "link2": "",
        "link3": "",
        "link4": "",
        "priority": "High",
        "deadline": "",
        "userDate": "",
        "x": 400,
        "y": 0,
        "fx": 400,
        "fy": 0,
        "createdDate": "2026-01-02T00:00:00.000Z",
        "modifiedDate": "2026-01-02T00:00:00.000Z"
      },
      {
        "id": "input_change_log",
        "name": "Change Log",
        "color": "#95a5a6",
        "size": 12,
        "icon": "📝",
        "description": "Record of organizational and process changes since last audit",
        "category": "input",
        "subCat": "Document",
        "link1": "",
        "link2": "",
        "link3": "",
        "link4": "",
        "priority": "Medium",
        "deadline": "",
        "userDate": "",
        "x": 500,
        "y": 0,
        "fx": 500,
        "fy": 0,
        "createdDate": "2026-01-02T00:00:00.000Z",
        "modifiedDate": "2026-01-02T00:00:00.000Z"
      },
      {
        "id": "wf1_task2",
        "name": "Identify Areas Requiring Audit Focus",
        "color": "#3498db",
        "size": 14,
        "icon": "🎯",
        "description": "Determine which processes, departments, or AS9100D clauses require audit attention based on risk, changes, and previous results",
        "category": "task",
        "subCat": "Annual Planning",
        "link1": "",
        "link2": "",
        "link3": "",
        "link4": "",
        "priority": "High",
        "deadline": "",
        "userDate": "",
        "x": 500,
        "y": 100,
        "fx": 500,
        "fy": 100,
        "createdDate": "2026-01-02T00:00:00.000Z",
        "modifiedDate": "2026-01-02T00:00:00.000Z"
      },
      {
        "id": "input_risk_register",
        "name": "Risk Register",
        "color": "#95a5a6",
        "size": 12,
        "icon": "📊",
        "description": "Organizational risk register with current risk ratings",
        "category": "input",
        "subCat": "Document",
        "link1": "",
        "link2": "",
        "link3": "",
        "link4": "",
        "priority": "High",
        "deadline": "",
        "userDate": "",
        "x": 600,
        "y": 0,
        "fx": 600,
        "fy": 0,
        "createdDate": "2026-01-02T00:00:00.000Z",
        "modifiedDate": "2026-01-02T00:00:00.000Z"
      },
      {
        "id": "wf1_task3",
        "name": "Review Risk-Based Audit Approach",
        "color": "#3498db",
        "size": 14,
        "icon": "⚠️",
        "description": "Apply risk-based thinking to prioritize audit activities based on process criticality, complexity, and potential impact",
        "category": "task",
        "subCat": "Annual Planning",
        "link1": "",
        "link2": "",
        "link3": "",
        "link4": "",
        "priority": "High",
        "deadline": "",
        "userDate": "",
        "x": 700,
        "y": 100,
        "fx": 700,
        "fy": 100,
        "createdDate": "2026-01-02T00:00:00.000Z",
        "modifiedDate": "2026-01-02T00:00:00.000Z"
      },
      {
        "id": "wf1_task4",
        "name": "Update Annual Audit Program",
        "color": "#3498db",
        "size": 14,
        "icon": "📋",
        "description": "Document audit objectives, scope, criteria, frequency, and methods for each planned audit",
        "category": "task",
        "subCat": "Annual Planning",
        "link1": "",
        "link2": "",
        "link3": "",
        "link4": "",
        "priority": "Critical",
        "deadline": "",
        "userDate": "",
        "x": 900,
        "y": 100,
        "fx": 900,
        "fy": 100,
        "createdDate": "2026-01-02T00:00:00.000Z",
        "modifiedDate": "2026-01-02T00:00:00.000Z"
      },
      {
        "id": "input_auditor_competency_matrix",
        "name": "Auditor Competency Matrix",
        "color": "#95a5a6",
        "size": 12,
        "icon": "👥",
        "description": "Matrix showing auditor qualifications, competencies, and certifications",
        "category": "input",
        "subCat": "Document",
        "link1": "",
        "link2": "",
        "link3": "",
        "link4": "",
        "priority": "High",
        "deadline": "",
        "userDate": "",
        "x": 1000,
        "y": 0,
        "fx": 1000,
        "fy": 0,
        "createdDate": "2026-01-02T00:00:00.000Z",
        "modifiedDate": "2026-01-02T00:00:00.000Z"
      },
      {
        "id": "input_resource_availability",
        "name": "Resource Availability Calendar",
        "color": "#95a5a6",
        "size": 12,
        "icon": "📅",
        "description": "Calendar showing auditor and resource availability",
        "category": "input",
        "subCat": "Document",
        "link1": "",
        "link2": "",
        "link3": "",
        "link4": "",
        "priority": "Medium",
        "deadline": "",
        "userDate": "",
        "x": 1100,
        "y": 0,
        "fx": 1100,
        "fy": 0,
        "createdDate": "2026-01-02T00:00:00.000Z",
        "modifiedDate": "2026-01-02T00:00:00.000Z"
      },
      {
        "id": "wf1_task5",
        "name": "Allocate Resources and Assign Auditors",
        "color": "#3498db",
        "size": 14,
        "icon": "👥",
        "description": "Assign qualified auditors ensuring competence and independence requirements are met",
        "category": "task",
        "subCat": "Annual Planning",
        "link1": "",
        "link2": "",
        "link3": "",
        "link4": "",
        "priority": "High",
        "deadline": "",
        "userDate": "",
        "x": 1100,
        "y": 100,
        "fx": 1100,
        "fy": 100,
        "createdDate": "2026-01-02T00:00:00.000Z",
        "modifiedDate": "2026-01-02T00:00:00.000Z"
      },
      {
        "id": "input_process_schedules",
        "name": "Process Schedules",
        "color": "#95a5a6",
        "size": 12,
        "icon": "📆",
        "description": "Operational schedules for processes to be audited",
        "category": "input",
        "subCat": "Document",
        "link1": "",
        "link2": "",
        "link3": "",
        "link4": "",
        "priority": "Medium",
        "deadline": "",
        "userDate": "",
        "x": 1200,
        "y": 0,
        "fx": 1200,
        "fy": 0,
        "createdDate": "2026-01-02T00:00:00.000Z",
        "modifiedDate": "2026-01-02T00:00:00.000Z"
      },
      {
        "id": "wf1_task6",
        "name": "Develop Audit Schedule",
        "color": "#3498db",
        "size": 14,
        "icon": "📅",
        "description": "Create detailed schedule considering process importance, changes, previous results, and resource availability",
        "category": "task",
        "subCat": "Annual Planning",
        "link1": "",
        "link2": "",
        "link3": "",
        "link4": "",
        "priority": "High",
        "deadline": "",
        "userDate": "",
        "x": 1300,
        "y": 100,
        "fx": 1300,
        "fy": 100,
        "createdDate": "2026-01-02T00:00:00.000Z",
        "modifiedDate": "2026-01-02T00:00:00.000Z"
      },
      {
        "id": "wf1_task7",
        "name": "Communicate Program to Organization",
        "color": "#3498db",
        "size": 14,
        "icon": "📢",
        "description": "Inform all relevant personnel about the audit program, schedule, and expectations",
        "category": "task",
        "subCat": "Annual Planning",
        "link1": "",
        "link2": "",
        "link3": "",
        "link4": "",
        "priority": "Medium",
        "deadline": "",
        "userDate": "",
        "x": 1500,
        "y": 100,
        "fx": 1500,
        "fy": 100,
        "createdDate": "2026-01-02T00:00:00.000Z",
        "modifiedDate": "2026-01-02T00:00:00.000Z"
      },
      {
        "id": "wf1_decision1",
        "name": "Management Approval?",
        "color": "#f39c12",
        "size": 16,
        "icon": "❓",
        "description": "Management reviews and approves or requests revisions to the audit program",
        "category": "decision",
        "subCat": "Annual Planning",
        "link1": "",
        "link2": "",
        "link3": "",
        "link4": "",
        "priority": "Critical",
        "deadline": "",
        "userDate": "",
        "x": 1700,
        "y": 100,
        "fx": 1700,
        "fy": 100,
        "createdDate": "2026-01-02T00:00:00.000Z",
        "modifiedDate": "2026-01-02T00:00:00.000Z"
      },
      {
        "id": "wf1_task8",
        "name": "Monitor Program Execution",
        "color": "#3498db",
        "size": 14,
        "icon": "📈",
        "description": "Track audit completion, findings, and effectiveness on a monthly basis",
        "category": "task",
        "subCat": "Annual Planning",
        "link1": "",
        "link2": "",
        "link3": "",
        "link4": "",
        "priority": "High",
        "deadline": "",
        "userDate": "",
        "x": 1900,
        "y": 100,
        "fx": 1900,
        "fy": 100,
        "createdDate": "2026-01-02T00:00:00.000Z",
        "modifiedDate": "2026-01-02T00:00:00.000Z"
      },
      {
        "id": "input_audit_completion_reports",
        "name": "Audit Completion Reports",
        "color": "#95a5a6",
        "size": 12,
        "icon": "📋",
        "description": "Reports from completed audits showing status and findings",
        "category": "input",
        "subCat": "Document",
        "link1": "",
        "link2": "",
        "link3": "",
        "link4": "",
        "priority": "High",
        "deadline": "",
        "userDate": "",
        "x": 1800,
        "y": 0,
        "fx": 1800,
        "fy": 0,
        "createdDate": "2026-01-02T00:00:00.000Z",
        "modifiedDate": "2026-01-02T00:00:00.000Z"
      },
      {
        "id": "wf1_decision2",
        "name": "Changes Needed?",
        "color": "#f39c12",
        "size": 16,
        "icon": "❓",
        "description": "Determine if program adjustments are needed based on organizational changes, incidents, or other factors",
        "category": "decision",
        "subCat": "Annual Planning",
        "link1": "",
        "link2": "",
        "link3": "",
        "link4": "",
        "priority": "Medium",
        "deadline": "",
        "userDate": "",
        "x": 2100,
        "y": 100,
        "fx": 2100,
        "fy": 100,
        "createdDate": "2026-01-02T00:00:00.000Z",
        "modifiedDate": "2026-01-02T00:00:00.000Z"
      },
      {
        "id": "input_change_requests",
        "name": "Change Requests",
        "color": "#95a5a6",
        "size": 12,
        "icon": "📝",
        "description": "Requests for changes to the audit program due to organizational changes",
        "category": "input",
        "subCat": "Document",
        "link1": "",
        "link2": "",
        "link3": "",
        "link4": "",
        "priority": "Medium",
        "deadline": "",
        "userDate": "",
        "x": 2000,
        "y": 0,
        "fx": 2000,
        "fy": 0,
        "createdDate": "2026-01-02T00:00:00.000Z",
        "modifiedDate": "2026-01-02T00:00:00.000Z"
      },
      {
        "id": "wf1_end",
        "name": "End",
        "color": "#c0392b",
        "size": 18,
        "icon": "⏹️",
        "description": "Annual Planning Process Complete",
        "category": "start-end",
        "subCat": "Annual Planning",
        "link1": "",
        "link2": "",
        "link3": "",
        "link4": "",
        "priority": "Critical",
        "deadline": "",
        "userDate": "",
        "x": 2300,
        "y": 100,
        "fx": 2300,
        "fy": 100,
        "createdDate": "2026-01-02T00:00:00.000Z",
        "modifiedDate": "2026-01-02T00:00:00.000Z"
      },
      {
        "id": "output_approved_program",
        "name": "Approved Audit Program",
        "color": "#95a5a6",
        "size": 12,
        "icon": "✅",
        "description": "Management-approved annual audit program ready for execution",
        "category": "output",
        "subCat": "Document",
        "link1": "",
        "link2": "",
        "link3": "",
        "link4": "",
        "priority": "Critical",
        "deadline": "",
        "userDate": "",
        "x": 2200,
        "y": 200,
        "fx": 2200,
        "fy": 200,
        "createdDate": "2026-01-02T00:00:00.000Z",
        "modifiedDate": "2026-01-02T00:00:00.000Z"
      }
    ],
    "edges": [
      {
        "id": "wf1_edge_start_to_task1",
        "name": "begin",
        "source": "wf1_start",
        "target": "wf1_task1",
        "description": "Begin planning with management review",
        "relationship": "next",
        "directed": true,
        "color": "#27ae60",
        "weight": 2
      },
      {
        "id": "input_edge_mgmt_review_to_task1",
        "name": "management review data",
        "source": "input_mgmt_review_report",
        "target": "wf1_task1",
        "description": "Management review report provides input to review process",
        "relationship": "input",
        "directed": true,
        "color": "#95a5a6",
        "weight": 1
      },
      {
        "id": "input_edge_prev_audit_to_task1",
        "name": "previous audit data",
        "source": "input_previous_audit_results",
        "target": "wf1_task1",
        "description": "Previous audit results inform planning",
        "relationship": "input",
        "directed": true,
        "color": "#95a5a6",
        "weight": 1
      },
      {
        "id": "wf1_edge_task1_to_task2",
        "name": "proceed",
        "source": "wf1_task1",
        "target": "wf1_task2",
        "description": "Proceed to identify focus areas",
        "relationship": "next",
        "directed": true,
        "color": "#3498db",
        "weight": 2
      },
      {
        "id": "output_edge_task1_to_task2",
        "name": "improvement areas",
        "source": "wf1_task1",
        "target": "wf1_task2",
        "description": "Identified improvement areas from management review",
        "relationship": "input",
        "directed": true,
        "color": "#95a5a6",
        "weight": 1
      },
      {
        "id": "input_edge_risk_assess_to_task2",
        "name": "risk data",
        "source": "input_process_risk_assessments",
        "target": "wf1_task2",
        "description": "Process risk assessments guide focus area selection",
        "relationship": "input",
        "directed": true,
        "color": "#95a5a6",
        "weight": 1
      },
      {
        "id": "input_edge_change_log_to_task2",
        "name": "change data",
        "source": "input_change_log",
        "target": "wf1_task2",
        "description": "Change log highlights areas needing attention",
        "relationship": "input",
        "directed": true,
        "color": "#95a5a6",
        "weight": 1
      },
      {
        "id": "wf1_edge_task2_to_task3",
        "name": "proceed",
        "source": "wf1_task2",
        "target": "wf1_task3",
        "description": "Apply risk-based approach",
        "relationship": "next",
        "directed": true,
        "color": "#3498db",
        "weight": 2
      },
      {
        "id": "output_edge_task2_to_task3",
        "name": "priority areas list",
        "source": "wf1_task2",
        "target": "wf1_task3",
        "description": "List of priority areas requiring audit focus",
        "relationship": "input",
        "directed": true,
        "color": "#95a5a6",
        "weight": 1
      },
      {
        "id": "input_edge_risk_register_to_task3",
        "name": "risk register",
        "source": "input_risk_register",
        "target": "wf1_task3",
        "description": "Risk register provides risk-based priorities",
        "relationship": "input",
        "directed": true,
        "color": "#95a5a6",
        "weight": 1
      },
      {
        "id": "wf1_edge_task3_to_task4",
        "name": "proceed",
        "source": "wf1_task3",
        "target": "wf1_task4",
        "description": "Update program documentation",
        "relationship": "next",
        "directed": true,
        "color": "#3498db",
        "weight": 2
      },
      {
        "id": "output_edge_task3_to_task4",
        "name": "risk-based priorities",
        "source": "wf1_task3",
        "target": "wf1_task4",
        "description": "Risk-based audit priorities",
        "relationship": "input",
        "directed": true,
        "color": "#95a5a6",
        "weight": 1
      },
      {
        "id": "wf1_edge_task4_to_task5",
        "name": "proceed",
        "source": "wf1_task4",
        "target": "wf1_task5",
        "description": "Assign auditors",
        "relationship": "next",
        "directed": true,
        "color": "#3498db",
        "weight": 2
      },
      {
        "id": "output_edge_task4_to_task5",
        "name": "draft program",
        "source": "wf1_task4",
        "target": "wf1_task5",
        "description": "Draft audit program with objectives and scope",
        "relationship": "input",
        "directed": true,
        "color": "#95a5a6",
        "weight": 1
      },
      {
        "id": "input_edge_competency_to_task5",
        "name": "competency data",
        "source": "input_auditor_competency_matrix",
        "target": "wf1_task5",
        "description": "Auditor competency matrix for assignment decisions",
        "relationship": "input",
        "directed": true,
        "color": "#95a5a6",
        "weight": 1
      },
      {
        "id": "input_edge_availability_to_task5",
        "name": "availability data",
        "source": "input_resource_availability",
        "target": "wf1_task5",
        "description": "Resource availability for scheduling",
        "relationship": "input",
        "directed": true,
        "color": "#95a5a6",
        "weight": 1
      },
      {
        "id": "wf1_edge_task5_to_task6",
        "name": "proceed",
        "source": "wf1_task5",
        "target": "wf1_task6",
        "description": "Create schedule",
        "relationship": "next",
        "directed": true,
        "color": "#3498db",
        "weight": 2
      },
      {
        "id": "output_edge_task5_to_task6",
        "name": "auditor assignments",
        "source": "wf1_task5",
        "target": "wf1_task6",
        "description": "Auditor assignments with competency verification",
        "relationship": "input",
        "directed": true,
        "color": "#95a5a6",
        "weight": 1
      },
      {
        "id": "input_edge_schedules_to_task6",
        "name": "process schedules",
        "source": "input_process_schedules",
        "target": "wf1_task6",
        "description": "Process schedules for audit timing",
        "relationship": "input",
        "directed": true,
        "color": "#95a5a6",
        "weight": 1
      },
      {
        "id": "wf1_edge_task6_to_task7",
        "name": "proceed",
        "source": "wf1_task6",
        "target": "wf1_task7",
        "description": "Communicate to organization",
        "relationship": "next",
        "directed": true,
        "color": "#3498db",
        "weight": 2
      },
      {
        "id": "output_edge_task6_to_task7",
        "name": "audit schedule",
        "source": "wf1_task6",
        "target": "wf1_task7",
        "description": "Detailed annual audit schedule",
        "relationship": "input",
        "directed": true,
        "color": "#95a5a6",
        "weight": 1
      },
      {
        "id": "wf1_edge_task7_to_decision1",
        "name": "proceed",
        "source": "wf1_task7",
        "target": "wf1_decision1",
        "description": "Submit for approval",
        "relationship": "next",
        "directed": true,
        "color": "#3498db",
        "weight": 2
      },
      {
        "id": "output_edge_task7_to_decision1",
        "name": "program package",
        "source": "wf1_task7",
        "target": "wf1_decision1",
        "description": "Complete program package for management review",
        "relationship": "input",
        "directed": true,
        "color": "#95a5a6",
        "weight": 1
      },
      {
        "id": "wf1_edge_decision1_to_task8_yes",
        "name": "yes - approved",
        "source": "wf1_decision1",
        "target": "wf1_task8",
        "description": "Approved - Begin monitoring",
        "relationship": "next",
        "directed": true,
        "color": "#27ae60",
        "weight": 2
      },
      {
        "id": "output_edge_decision1_to_task8",
        "name": "approved program",
        "source": "wf1_decision1",
        "target": "wf1_task8",
        "description": "Approved program ready for execution",
        "relationship": "input",
        "directed": true,
        "color": "#95a5a6",
        "weight": 1
      },
      {
        "id": "wf1_edge_decision1_to_task4_no",
        "name": "no - revise",
        "source": "wf1_decision1",
        "target": "wf1_task4",
        "description": "Not approved - Revise program",
        "relationship": "next",
        "directed": true,
        "color": "#e74c3c",
        "weight": 2
      },
      {
        "id": "output_edge_decision1_to_task4",
        "name": "revision feedback",
        "source": "wf1_decision1",
        "target": "wf1_task4",
        "description": "Management feedback for program revision",
        "relationship": "input",
        "directed": true,
        "color": "#95a5a6",
        "weight": 1
      },
      {
        "id": "input_edge_completion_to_task8",
        "name": "audit reports",
        "source": "input_audit_completion_reports",
        "target": "wf1_task8",
        "description": "Completed audit reports for monitoring",
        "relationship": "input",
        "directed": true,
        "color": "#95a5a6",
        "weight": 1
      },
      {
        "id": "wf1_edge_task8_to_decision2",
        "name": "proceed",
        "source": "wf1_task8",
        "target": "wf1_decision2",
        "description": "Check for needed changes",
        "relationship": "next",
        "directed": true,
        "color": "#3498db",
        "weight": 2
      },
      {
        "id": "output_edge_task8_to_decision2",
        "name": "status report",
        "source": "wf1_task8",
        "target": "wf1_decision2",
        "description": "Program execution status report",
        "relationship": "input",
        "directed": true,
        "color": "#95a5a6",
        "weight": 1
      },
      {
        "id": "input_edge_changes_to_decision2",
        "name": "change requests",
        "source": "input_change_requests",
        "target": "wf1_decision2",
        "description": "Change requests for program adjustments",
        "relationship": "input",
        "directed": true,
        "color": "#95a5a6",
        "weight": 1
      },
      {
        "id": "wf1_edge_decision2_to_task4_yes",
        "name": "yes - adjust",
        "source": "wf1_decision2",
        "target": "wf1_task4",
        "description": "Changes needed - Update program",
        "relationship": "next",
        "directed": true,
        "color": "#f39c12",
        "weight": 2
      },
      {
        "id": "output_edge_decision2_to_task4",
        "name": "change requirements",
        "source": "wf1_decision2",
        "target": "wf1_task4",
        "description": "Required program changes",
        "relationship": "input",
        "directed": true,
        "color": "#95a5a6",
        "weight": 1
      },
      {
        "id": "wf1_edge_decision2_to_end_no",
        "name": "no - complete",
        "source": "wf1_decision2",
        "target": "wf1_end",
        "description": "No changes - Complete",
        "relationship": "next",
        "directed": true,
        "color": "#27ae60",
        "weight": 2
      },
      {
        "id": "output_edge_decision2_to_output",
        "name": "final program",
        "source": "wf1_decision2",
        "target": "output_approved_program",
        "description": "Final approved program for the year",
        "relationship": "input",
        "directed": true,
        "color": "#95a5a6",
        "weight": 1
      }
    ]
  }
}
