{
  "graph": {
    "metadata": {
      "name": "AS9100D_Complete_Audit_System_With_Workflows",
      "title": "AS9100D Audit System with Functional Workflow Chains",
      "description": "Complete AS9100D Internal Audit Management System with 4 functional workflow chains: Annual Planning, Audit Execution, Corrective Action, and Continuous Improvement. Each workflow demonstrates start/end nodes, task sequences, decision branching, and proper workflow navigation.",
      "created": "2025-12-10",
      "modified": "2026-01-02"
    },
    "settings": {
      "nodeLabelSize": 12,
      "edgeLabelSize": 10,
      "worldBoundary": {
        "enabled": false,
        "minX": -3000,
        "maxX": 3000,
        "minY": -3000,
        "maxY": 3000
      }
    },
    "nodes": [
      {
        "id": "wf1_start",
        "name": "Start",
        "color": "#27ae60",
        "size": 18,
        "icon": "▶️",
        "description": "Begin Annual Audit Program Planning Process",
        "category": "start-end",
        "subCat": "Annual Planning",
        "link1": "",
        "link2": "",
        "link3": "",
        "link4": "",
        "priority": "Critical",
        "deadline": "",
        "userDate": "",
        "x": 100,
        "y": 100,
        "fx": 100,
        "fy": 100,
        "createdDate": "2026-01-02T00:00:00.000Z",
        "modifiedDate": "2026-01-02T00:00:00.000Z"
      },
      {
        "id": "wf1_task1",
        "name": "Review Management Review Results",
        "color": "#3498db",
        "size": 14,
        "icon": "📊",
        "description": "Review outputs from previous management review including identified improvement areas, organizational changes, and strategic direction",
        "category": "task",
        "subCat": "Annual Planning",
        "link1": "",
        "link2": "",
        "link3": "",
        "link4": "",
        "priority": "High",
        "deadline": "",
        "userDate": "",
        "x": 300,
        "y": 100,
        "fx": 300,
        "fy": 100,
        "createdDate": "2026-01-02T00:00:00.000Z",
        "modifiedDate": "2026-01-02T00:00:00.000Z"
      },
      {
        "id": "wf1_task2",
        "name": "Identify Areas Requiring Audit Focus",
        "color": "#3498db",
        "size": 14,
        "icon": "🎯",
        "description": "Determine which processes, departments, or AS9100D clauses require audit attention based on risk, changes, and previous results",
        "category": "task",
        "subCat": "Annual Planning",
        "link1": "",
        "link2": "",
        "link3": "",
        "link4": "",
        "priority": "High",
        "deadline": "",
        "userDate": "",
        "x": 500,
        "y": 100,
        "fx": 500,
        "fy": 100,
        "createdDate": "2026-01-02T00:00:00.000Z",
        "modifiedDate": "2026-01-02T00:00:00.000Z"
      },
      {
        "id": "wf1_task3",
        "name": "Review Risk-Based Audit Approach",
        "color": "#3498db",
        "size": 14,
        "icon": "⚠️",
        "description": "Apply risk-based thinking to prioritize audit activities based on process criticality, complexity, and potential impact",
        "category": "task",
        "subCat": "Annual Planning",
        "link1": "",
        "link2": "",
        "link3": "",
        "link4": "",
        "priority": "High",
        "deadline": "",
        "userDate": "",
        "x": 700,
        "y": 100,
        "fx": 700,
        "fy": 100,
        "createdDate": "2026-01-02T00:00:00.000Z",
        "modifiedDate": "2026-01-02T00:00:00.000Z"
      },
      {
        "id": "wf1_task4",
        "name": "Update Annual Audit Program",
        "color": "#3498db",
        "size": 14,
        "icon": "📋",
        "description": "Document audit objectives, scope, criteria, frequency, and methods for each planned audit",
        "category": "task",
        "subCat": "Annual Planning",
        "link1": "",
        "link2": "",
        "link3": "",
        "link4": "",
        "priority": "Critical",
        "deadline": "",
        "userDate": "",
        "x": 900,
        "y": 100,
        "fx": 900,
        "fy": 100,
        "createdDate": "2026-01-02T00:00:00.000Z",
        "modifiedDate": "2026-01-02T00:00:00.000Z"
      },
      {
        "id": "wf1_task5",
        "name": "Allocate Resources and Assign Auditors",
        "color": "#3498db",
        "size": 14,
        "icon": "👥",
        "description": "Assign qualified auditors ensuring competence and independence requirements are met",
        "category": "task",
        "subCat": "Annual Planning",
        "link1": "",
        "link2": "",
        "link3": "",
        "link4": "",
        "priority": "High",
        "deadline": "",
        "userDate": "",
        "x": 1100,
        "y": 100,
        "fx": 1100,
        "fy": 100,
        "createdDate": "2026-01-02T00:00:00.000Z",
        "modifiedDate": "2026-01-02T00:00:00.000Z"
      },
      {
        "id": "wf1_task6",
        "name": "Develop Audit Schedule",
        "color": "#3498db",
        "size": 14,
        "icon": "📅",
        "description": "Create detailed schedule considering process importance, changes, previous results, and resource availability",
        "category": "task",
        "subCat": "Annual Planning",
        "link1": "",
        "link2": "",
        "link3": "",
        "link4": "",
        "priority": "High",
        "deadline": "",
        "userDate": "",
        "x": 1300,
        "y": 100,
        "fx": 1300,
        "fy": 100,
        "createdDate": "2026-01-02T00:00:00.000Z",
        "modifiedDate": "2026-01-02T00:00:00.000Z"
      },
      {
        "id": "wf1_task7",
        "name": "Communicate Program to Organization",
        "color": "#3498db",
        "size": 14,
        "icon": "📢",
        "description": "Inform all relevant personnel about the audit program, schedule, and expectations",
        "category": "task",
        "subCat": "Annual Planning",
        "link1": "",
        "link2": "",
        "link3": "",
        "link4": "",
        "priority": "Medium",
        "deadline": "",
        "userDate": "",
        "x": 1500,
        "y": 100,
        "fx": 1500,
        "fy": 100,
        "createdDate": "2026-01-02T00:00:00.000Z",
        "modifiedDate": "2026-01-02T00:00:00.000Z"
      },
      {
        "id": "wf1_decision1",
        "name": "Management Approval?",
        "color": "#f39c12",
        "size": 16,
        "icon": "❓",
        "description": "Management reviews and approves or requests revisions to the audit program",
        "category": "decision",
        "subCat": "Annual Planning",
        "link1": "",
        "link2": "",
        "link3": "",
        "link4": "",
        "priority": "Critical",
        "deadline": "",
        "userDate": "",
        "x": 1700,
        "y": 100,
        "fx": 1700,
        "fy": 100,
        "createdDate": "2026-01-02T00:00:00.000Z",
        "modifiedDate": "2026-01-02T00:00:00.000Z"
      },
      {
        "id": "wf1_task8",
        "name": "Monitor Program Execution",
        "color": "#3498db",
        "size": 14,
        "icon": "📈",
        "description": "Track audit completion, findings, and effectiveness on a monthly basis",
        "category": "task",
        "subCat": "Annual Planning",
        "link1": "",
        "link2": "",
        "link3": "",
        "link4": "",
        "priority": "High",
        "deadline": "",
        "userDate": "",
        "x": 1900,
        "y": 100,
        "fx": 1900,
        "fy": 100,
        "createdDate": "2026-01-02T00:00:00.000Z",
        "modifiedDate": "2026-01-02T00:00:00.000Z"
      },
      {
        "id": "wf1_decision2",
        "name": "Changes Needed?",
        "color": "#f39c12",
        "size": 16,
        "icon": "❓",
        "description": "Determine if program adjustments are needed based on organizational changes, incidents, or other factors",
        "category": "decision",
        "subCat": "Annual Planning",
        "link1": "",
        "link2": "",
        "link3": "",
        "link4": "",
        "priority": "Medium",
        "deadline": "",
        "userDate": "",
        "x": 2100,
        "y": 100,
        "fx": 2100,
        "fy": 100,
        "createdDate": "2026-01-02T00:00:00.000Z",
        "modifiedDate": "2026-01-02T00:00:00.000Z"
      },
      {
        "id": "wf1_end",
        "name": "End",
        "color": "#c0392b",
        "size": 18,
        "icon": "⏹️",
        "description": "Annual Planning Process Complete",
        "category": "start-end",
        "subCat": "Annual Planning",
        "link1": "",
        "link2": "",
        "link3": "",
        "link4": "",
        "priority": "Critical",
        "deadline": "",
        "userDate": "",
        "x": 2300,
        "y": 100,
        "fx": 2300,
        "fy": 100,
        "createdDate": "2026-01-02T00:00:00.000Z",
        "modifiedDate": "2026-01-02T00:00:00.000Z"
      },
      {
        "id": "wf2_start",
        "name": "Start",
        "color": "#27ae60",
        "size": 18,
        "icon": "▶️",
        "description": "Begin Individual Audit Execution",
        "category": "start-end",
        "subCat": "Audit Execution",
        "link1": "",
        "link2": "",
        "link3": "",
        "link4": "",
        "priority": "Critical",
        "deadline": "",
        "userDate": "",
        "x": 100,
        "y": 400,
        "fx": 100,
        "fy": 400,
        "createdDate": "2026-01-02T00:00:00.000Z",
        "modifiedDate": "2026-01-02T00:00:00.000Z"
      },
      {
        "id": "wf2_task1",
        "name": "Define Audit Scope",
        "color": "#9b59b6",
        "size": 14,
        "icon": "🎯",
        "description": "Establish audit objectives, criteria, scope, duration, and locations to be audited",
        "category": "task",
        "subCat": "Audit Execution",
        "link1": "",
        "link2": "",
        "link3": "",
        "link4": "",
        "priority": "Critical",
        "deadline": "",
        "userDate": "",
        "x": 300,
        "y": 400,
        "fx": 300,
        "fy": 400,
        "createdDate": "2026-01-02T00:00:00.000Z",
        "modifiedDate": "2026-01-02T00:00:00.000Z"
      },
      {
        "id": "wf2_task2",
        "name": "Select Auditors",
        "color": "#9b59b6",
        "size": 14,
        "icon": "👥",
        "description": "Assign qualified auditors ensuring independence, competence, and impartiality requirements are met",
        "category": "task",
        "subCat": "Audit Execution",
        "link1": "",
        "link2": "",
        "link3": "",
        "link4": "",
        "priority": "Critical",
        "deadline": "",
        "userDate": "",
        "x": 500,
        "y": 400,
        "fx": 500,
        "fy": 400,
        "createdDate": "2026-01-02T00:00:00.000Z",
        "modifiedDate": "2026-01-02T00:00:00.000Z"
      },
      {
        "id": "wf2_task3",
        "name": "Prepare Audit Checklist",
        "color": "#9b59b6",
        "size": 14,
        "icon": "📋",
        "description": "Develop audit checklist based on AS9100D requirements, procedures, and risk areas",
        "category": "task",
        "subCat": "Audit Execution",
        "link1": "",
        "link2": "",
        "link3": "",
        "link4": "",
        "priority": "High",
        "deadline": "",
        "userDate": "",
        "x": 700,
        "y": 400,
        "fx": 700,
        "fy": 400,
        "createdDate": "2026-01-02T00:00:00.000Z",
        "modifiedDate": "2026-01-02T00:00:00.000Z"
      },
      {
        "id": "wf2_task4",
        "name": "Review Documents",
        "color": "#9b59b6",
        "size": 14,
        "icon": "📄",
        "description": "Review relevant procedures, work instructions, previous audit reports, and process documentation",
        "category": "task",
        "subCat": "Audit Execution",
        "link1": "",
        "link2": "",
        "link3": "",
        "link4": "",
        "priority": "High",
        "deadline": "",
        "userDate": "",
        "x": 900,
        "y": 400,
        "fx": 900,
        "fy": 400,
        "createdDate": "2026-01-02T00:00:00.000Z",
        "modifiedDate": "2026-01-02T00:00:00.000Z"
      },
      {
        "id": "wf2_task5",
        "name": "Conduct Opening Meeting",
        "color": "#9b59b6",
        "size": 14,
        "icon": "🤝",
        "description": "Present audit plan, confirm scope, introduce team, and establish communication protocols",
        "category": "task",
        "subCat": "Audit Execution",
        "link1": "",
        "link2": "",
        "link3": "",
        "link4": "",
        "priority": "High",
        "deadline": "",
        "userDate": "",
        "x": 1100,
        "y": 400,
        "fx": 1100,
        "fy": 400,
        "createdDate": "2026-01-02T00:00:00.000Z",
        "modifiedDate": "2026-01-02T00:00:00.000Z"
      },
      {
        "id": "wf2_task6",
        "name": "Collect Evidence",
        "color": "#9b59b6",
        "size": 14,
        "icon": "🔍",
        "description": "Gather objective evidence through interviews, observations, and examination of records",
        "category": "task",
        "subCat": "Audit Execution",
        "link1": "",
        "link2": "",
        "link3": "",
        "link4": "",
        "priority": "Critical",
        "deadline": "",
        "userDate": "",
        "x": 1300,
        "y": 400,
        "fx": 1300,
        "fy": 400,
        "createdDate": "2026-01-02T00:00:00.000Z",
        "modifiedDate": "2026-01-02T00:00:00.000Z"
      },
      {
        "id": "wf2_task7",
        "name": "Document Findings",
        "color": "#9b59b6",
        "size": 14,
        "icon": "📝",
        "description": "Record all audit findings (conformities, nonconformities, observations) with supporting evidence",
        "category": "task",
        "subCat": "Audit Execution",
        "link1": "",
        "link2": "",
        "link3": "",
        "link4": "",
        "priority": "Critical",
        "deadline": "",
        "userDate": "",
        "x": 1500,
        "y": 400,
        "fx": 1500,
        "fy": 400,
        "createdDate": "2026-01-02T00:00:00.000Z",
        "modifiedDate": "2026-01-02T00:00:00.000Z"
      },
      {
        "id": "wf2_task8",
        "name": "Analyze Findings",
        "color": "#9b59b6",
        "size": 14,
        "icon": "🔬",
        "description": "Classify findings by severity (major/minor nonconformity, observation) and determine impact",
        "category": "task",
        "subCat": "Audit Execution",
        "link1": "",
        "link2": "",
        "link3": "",
        "link4": "",
        "priority": "High",
        "deadline": "",
        "userDate": "",
        "x": 1700,
        "y": 400,
        "fx": 1700,
        "fy": 400,
        "createdDate": "2026-01-02T00:00:00.000Z",
        "modifiedDate": "2026-01-02T00:00:00.000Z"
      },
      {
        "id": "wf2_task9",
        "name": "Conduct Closing Meeting",
        "color": "#9b59b6",
        "size": 14,
        "icon": "🎤",
        "description": "Present audit results, findings, and conclusions to auditee management",
        "category": "task",
        "subCat": "Audit Execution",
        "link1": "",
        "link2": "",
        "link3": "",
        "link4": "",
        "priority": "High",
        "deadline": "",
        "userDate": "",
        "x": 1900,
        "y": 400,
        "fx": 1900,
        "fy": 400,
        "createdDate": "2026-01-02T00:00:00.000Z",
        "modifiedDate": "2026-01-02T00:00:00.000Z"
      },
      {
        "id": "wf2_task10",
        "name": "Prepare Audit Report",
        "color": "#9b59b6",
        "size": 14,
        "icon": "📊",
        "description": "Complete formal audit report within 5 days documenting scope, findings, conclusions, and recommendations",
        "category": "task",
        "subCat": "Audit Execution",
        "link1": "",
        "link2": "",
        "link3": "",
        "link4": "",
        "priority": "Critical",
        "deadline": "",
        "userDate": "",
        "x": 2100,
        "y": 400,
        "fx": 2100,
        "fy": 400,
        "createdDate": "2026-01-02T00:00:00.000Z",
        "modifiedDate": "2026-01-02T00:00:00.000Z"
      },
      {
        "id": "wf2_decision1",
        "name": "Findings Require CA?",
        "color": "#f39c12",
        "size": 16,
        "icon": "❓",
        "description": "Determine if findings require corrective action or can be closed",
        "category": "decision",
        "subCat": "Audit Execution",
        "link1": "",
        "link2": "",
        "link3": "",
        "link4": "",
        "priority": "High",
        "deadline": "",
        "userDate": "",
        "x": 2300,
        "y": 400,
        "fx": 2300,
        "fy": 400,
        "createdDate": "2026-01-02T00:00:00.000Z",
        "modifiedDate": "2026-01-02T00:00:00.000Z"
      },
      {
        "id": "wf2_task11",
        "name": "Track Corrective Actions",
        "color": "#9b59b6",
        "size": 14,
        "icon": "📍",
        "description": "Monitor status and implementation of corrective action plans",
        "category": "task",
        "subCat": "Audit Execution",
        "link1": "",
        "link2": "",
        "link3": "",
        "link4": "",
        "priority": "High",
        "deadline": "",
        "userDate": "",
        "x": 2300,
        "y": 550,
        "fx": 2300,
        "fy": 550,
        "createdDate": "2026-01-02T00:00:00.000Z",
        "modifiedDate": "2026-01-02T00:00:00.000Z"
      },
      {
        "id": "wf2_task12",
        "name": "Verify Effectiveness",
        "color": "#9b59b6",
        "size": 14,
        "icon": "✅",
        "description": "Verify that corrective actions effectively addressed the root cause and prevented recurrence",
        "category": "task",
        "subCat": "Audit Execution",
        "link1": "",
        "link2": "",
        "link3": "",
        "link4": "",
        "priority": "Critical",
        "deadline": "",
        "userDate": "",
        "x": 2100,
        "y": 550,
        "fx": 2100,
        "fy": 550,
        "createdDate": "2026-01-02T00:00:00.000Z",
        "modifiedDate": "2026-01-02T00:00:00.000Z"
      },
      {
        "id": "wf2_task13",
        "name": "Close Audit",
        "color": "#9b59b6",
        "size": 14,
        "icon": "🔒",
        "description": "Formally close the audit after all findings are resolved and verified",
        "category": "task",
        "subCat": "Audit Execution",
        "link1": "",
        "link2": "",
        "link3": "",
        "link4": "",
        "priority": "High",
        "deadline": "",
        "userDate": "",
        "x": 1900,
        "y": 550,
        "fx": 1900,
        "fy": 550,
        "createdDate": "2026-01-02T00:00:00.000Z",
        "modifiedDate": "2026-01-02T00:00:00.000Z"
      },
      {
        "id": "wf2_task14",
        "name": "Update Program Metrics",
        "color": "#9b59b6",
        "size": 14,
        "icon": "📈",
        "description": "Update audit program statistics and performance indicators",
        "category": "task",
        "subCat": "Audit Execution",
        "link1": "",
        "link2": "",
        "link3": "",
        "link4": "",
        "priority": "Medium",
        "deadline": "",
        "userDate": "",
        "x": 1700,
        "y": 550,
        "fx": 1700,
        "fy": 550,
        "createdDate": "2026-01-02T00:00:00.000Z",
        "modifiedDate": "2026-01-02T00:00:00.000Z"
      },
      {
        "id": "wf2_end",
        "name": "End",
        "color": "#c0392b",
        "size": 18,
        "icon": "⏹️",
        "description": "Audit Execution Complete",
        "category": "start-end",
        "subCat": "Audit Execution",
        "link1": "",
        "link2": "",
        "link3": "",
        "link4": "",
        "priority": "Critical",
        "deadline": "",
        "userDate": "",
        "x": 1500,
        "y": 550,
        "fx": 1500,
        "fy": 550,
        "createdDate": "2026-01-02T00:00:00.000Z",
        "modifiedDate": "2026-01-02T00:00:00.000Z"
      },
      {
        "id": "wf3_start",
        "name": "Start",
        "color": "#27ae60",
        "size": 18,
        "icon": "▶️",
        "description": "Begin Corrective Action Process",
        "category": "start-end",
        "subCat": "Corrective Action",
        "link1": "",
        "link2": "",
        "link3": "",
        "link4": "",
        "priority": "Critical",
        "deadline": "",
        "userDate": "",
        "x": 100,
        "y": 800,
        "fx": 100,
        "fy": 800,
        "createdDate": "2026-01-02T00:00:00.000Z",
        "modifiedDate": "2026-01-02T00:00:00.000Z"
      },
      {
        "id": "wf3_task1",
        "name": "Finding Identified",
        "color": "#e74c3c",
        "size": 14,
        "icon": "🚨",
        "description": "Nonconformity or improvement opportunity identified through audit or other source",
        "category": "task",
        "subCat": "Corrective Action",
        "link1": "",
        "link2": "",
        "link3": "",
        "link4": "",
        "priority": "Critical",
        "deadline": "",
        "userDate": "",
        "x": 300,
        "y": 800,
        "fx": 300,
        "fy": 800,
        "createdDate": "2026-01-02T00:00:00.000Z",
        "modifiedDate": "2026-01-02T00:00:00.000Z"
      },
      {
        "id": "wf3_task2",
        "name": "Auditee Receives Report",
        "color": "#e74c3c",
        "size": 14,
        "icon": "📨",
        "description": "Process owner receives formal notification of finding with details and evidence",
        "category": "task",
        "subCat": "Corrective Action",
        "link1": "",
        "link2": "",
        "link3": "",
        "link4": "",
        "priority": "High",
        "deadline": "",
        "userDate": "",
        "x": 500,
        "y": 800,
        "fx": 500,
        "fy": 800,
        "createdDate": "2026-01-02T00:00:00.000Z",
        "modifiedDate": "2026-01-02T00:00:00.000Z"
      },
      {
        "id": "wf3_decision1",
        "name": "CA Required?",
        "color": "#f39c12",
        "size": 16,
        "icon": "❓",
        "description": "Determine if formal corrective action is needed based on severity (major vs minor finding)",
        "category": "decision",
        "subCat": "Corrective Action",
        "link1": "",
        "link2": "",
        "link3": "",
        "link4": "",
        "priority": "High",
        "deadline": "",
        "userDate": "",
        "x": 700,
        "y": 800,
        "fx": 700,
        "fy": 800,
        "createdDate": "2026-01-02T00:00:00.000Z",
        "modifiedDate": "2026-01-02T00:00:00.000Z"
      },
      {
        "id": "wf3_task3",
        "name": "Perform Root Cause Analysis",
        "color": "#e74c3c",
        "size": 14,
        "icon": "🔍",
        "description": "Use appropriate tools (5 Whys, Fishbone, etc.) to identify true root cause, not just symptoms",
        "category": "task",
        "subCat": "Corrective Action",
        "link1": "",
        "link2": "",
        "link3": "",
        "link4": "",
        "priority": "Critical",
        "deadline": "",
        "userDate": "",
        "x": 900,
        "y": 700,
        "fx": 900,
        "fy": 700,
        "createdDate": "2026-01-02T00:00:00.000Z",
        "modifiedDate": "2026-01-02T00:00:00.000Z"
      },
      {
        "id": "wf3_task4",
        "name": "Develop CA Plan",
        "color": "#e74c3c",
        "size": 14,
        "icon": "📋",
        "description": "Create corrective action plan addressing root cause with specific actions, responsibilities, and timelines",
        "category": "task",
        "subCat": "Corrective Action",
        "link1": "",
        "link2": "",
        "link3": "",
        "link4": "",
        "priority": "Critical",
        "deadline": "",
        "userDate": "",
        "x": 1100,
        "y": 700,
        "fx": 1100,
        "fy": 700,
        "createdDate": "2026-01-02T00:00:00.000Z",
        "modifiedDate": "2026-01-02T00:00:00.000Z"
      },
      {
        "id": "wf3_decision2",
        "name": "Plan Approved?",
        "color": "#f39c12",
        "size": 16,
        "icon": "❓",
        "description": "Quality management reviews and approves or requests revision to corrective action plan",
        "category": "decision",
        "subCat": "Corrective Action",
        "link1": "",
        "link2": "",
        "link3": "",
        "link4": "",
        "priority": "High",
        "deadline": "",
        "userDate": "",
        "x": 1300,
        "y": 700,
        "fx": 1300,
        "fy": 700,
        "createdDate": "2026-01-02T00:00:00.000Z",
        "modifiedDate": "2026-01-02T00:00:00.000Z"
      },
      {
        "id": "wf3_task5",
        "name": "Implement Corrective Action",
        "color": "#e74c3c",
        "size": 14,
        "icon": "🔧",
        "description": "Execute the approved corrective action plan including containment and permanent corrective actions",
        "category": "task",
        "subCat": "Corrective Action",
        "link1": "",
        "link2": "",
        "link3": "",
        "link4": "",
        "priority": "Critical",
        "deadline": "",
        "userDate": "",
        "x": 1500,
        "y": 700,
        "fx": 1500,
        "fy": 700,
        "createdDate": "2026-01-02T00:00:00.000Z",
        "modifiedDate": "2026-01-02T00:00:00.000Z"
      },
      {
        "id": "wf3_task6",
        "name": "Verify Implementation",
        "color": "#e74c3c",
        "size": 14,
        "icon": "✔️",
        "description": "Confirm that corrective actions were implemented as planned",
        "category": "task",
        "subCat": "Corrective Action",
        "link1": "",
        "link2": "",
        "link3": "",
        "link4": "",
        "priority": "High",
        "deadline": "",
        "userDate": "",
        "x": 1700,
        "y": 700,
        "fx": 1700,
        "fy": 700,
        "createdDate": "2026-01-02T00:00:00.000Z",
        "modifiedDate": "2026-01-02T00:00:00.000Z"
      },
      {
        "id": "wf3_task7",
        "name": "Wait Appropriate Time",
        "color": "#e74c3c",
        "size": 14,
        "icon": "⏳",
        "description": "Allow sufficient time for corrective action to demonstrate effectiveness in preventing recurrence",
        "category": "task",
        "subCat": "Corrective Action",
        "link1": "",
        "link2": "",
        "link3": "",
        "link4": "",
        "priority": "Medium",
        "deadline": "",
        "userDate": "",
        "x": 1900,
        "y": 700,
        "fx": 1900,
        "fy": 700,
        "createdDate": "2026-01-02T00:00:00.000Z",
        "modifiedDate": "2026-01-02T00:00:00.000Z"
      },
      {
        "id": "wf3_task8",
        "name": "Verify Effectiveness",
        "color": "#e74c3c",
        "size": 14,
        "icon": "✅",
        "description": "Conduct follow-up verification to ensure corrective action prevented recurrence of the issue",
        "category": "task",
        "subCat": "Corrective Action",
        "link1": "",
        "link2": "",
        "link3": "",
        "link4": "",
        "priority": "Critical",
        "deadline": "",
        "userDate": "",
        "x": 2100,
        "y": 700,
        "fx": 2100,
        "fy": 700,
        "createdDate": "2026-01-02T00:00:00.000Z",
        "modifiedDate": "2026-01-02T00:00:00.000Z"
      },
      {
        "id": "wf3_decision3",
        "name": "Effective?",
        "color": "#f39c12",
        "size": 16,
        "icon": "❓",
        "description": "Determine if corrective action successfully prevented recurrence",
        "category": "decision",
        "subCat": "Corrective Action",
        "link1": "",
        "link2": "",
        "link3": "",
        "link4": "",
        "priority": "Critical",
        "deadline": "",
        "userDate": "",
        "x": 2300,
        "y": 700,
        "fx": 2300,
        "fy": 700,
        "createdDate": "2026-01-02T00:00:00.000Z",
        "modifiedDate": "2026-01-02T00:00:00.000Z"
      },
      {
        "id": "wf3_task9",
        "name": "Close Finding",
        "color": "#e74c3c",
        "size": 14,
        "icon": "🔒",
        "description": "Formally close the finding with documentation of all actions taken and verification results",
        "category": "task",
        "subCat": "Corrective Action",
        "link1": "",
        "link2": "",
        "link3": "",
        "link4": "",
        "priority": "High",
        "deadline": "",
        "userDate": "",
        "x": 2300,
        "y": 900,
        "fx": 2300,
        "fy": 900,
        "createdDate": "2026-01-02T00:00:00.000Z",
        "modifiedDate": "2026-01-02T00:00:00.000Z"
      },
      {
        "id": "wf3_task10",
        "name": "Update Risk Register",
        "color": "#e74c3c",
        "size": 14,
        "icon": "📊",
        "description": "Update organizational risk register based on findings and corrective actions taken",
        "category": "task",
        "subCat": "Corrective Action",
        "link1": "",
        "link2": "",
        "link3": "",
        "link4": "",
        "priority": "Medium",
        "deadline": "",
        "userDate": "",
        "x": 2100,
        "y": 900,
        "fx": 2100,
        "fy": 900,
        "createdDate": "2026-01-02T00:00:00.000Z",
        "modifiedDate": "2026-01-02T00:00:00.000Z"
      },
      {
        "id": "wf3_task11",
        "name": "Document Lessons Learned",
        "color": "#e74c3c",
        "size": 14,
        "icon": "📚",
        "description": "Capture lessons learned and share knowledge to prevent similar issues across the organization",
        "category": "task",
        "subCat": "Corrective Action",
        "link1": "",
        "link2": "",
        "link3": "",
        "link4": "",
        "priority": "Medium",
        "deadline": "",
        "userDate": "",
        "x": 1900,
        "y": 900,
        "fx": 1900,
        "fy": 900,
        "createdDate": "2026-01-02T00:00:00.000Z",
        "modifiedDate": "2026-01-02T00:00:00.000Z"
      },
      {
        "id": "wf3_end",
        "name": "End",
        "color": "#c0392b",
        "size": 18,
        "icon": "⏹️",
        "description": "Corrective Action Process Complete",
        "category": "start-end",
        "subCat": "Corrective Action",
        "link1": "",
        "link2": "",
        "link3": "",
        "link4": "",
        "priority": "Critical",
        "deadline": "",
        "userDate": "",
        "x": 1700,
        "y": 900,
        "fx": 1700,
        "fy": 900,
        "createdDate": "2026-01-02T00:00:00.000Z",
        "modifiedDate": "2026-01-02T00:00:00.000Z"
      },
      {
        "id": "wf4_start",
        "name": "Start",
        "color": "#27ae60",
        "size": 18,
        "icon": "▶️",
        "description": "Begin Continuous Improvement Cycle",
        "category": "start-end",
        "subCat": "Continuous Improvement",
        "link1": "",
        "link2": "",
        "link3": "",
        "link4": "",
        "priority": "High",
        "deadline": "",
        "userDate": "",
        "x": 100,
        "y": 1150,
        "fx": 100,
        "fy": 1150,
        "createdDate": "2026-01-02T00:00:00.000Z",
        "modifiedDate": "2026-01-02T00:00:00.000Z"
      },
      {
        "id": "wf4_task1",
        "name": "Identify Observations & Positive Practices",
        "color": "#16a085",
        "size": 14,
        "icon": "💡",
        "description": "Collect observations, positive practices, and improvement opportunities from audits",
        "category": "task",
        "subCat": "Continuous Improvement",
        "link1": "",
        "link2": "",
        "link3": "",
        "link4": "",
        "priority": "High",
        "deadline": "",
        "userDate": "",
        "x": 300,
        "y": 1150,
        "fx": 300,
        "fy": 1150,
        "createdDate": "2026-01-02T00:00:00.000Z",
        "modifiedDate": "2026-01-02T00:00:00.000Z"
      },
      {
        "id": "wf4_task2",
        "name": "Analyze Trends Across Audits",
        "color": "#16a085",
        "size": 14,
        "icon": "📊",
        "description": "Review multiple audit results to identify patterns, trends, and systemic issues",
        "category": "task",
        "subCat": "Continuous Improvement",
        "link1": "",
        "link2": "",
        "link3": "",
        "link4": "",
        "priority": "High",
        "deadline": "",
        "userDate": "",
        "x": 500,
        "y": 1150,
        "fx": 500,
        "fy": 1150,
        "createdDate": "2026-01-02T00:00:00.000Z",
        "modifiedDate": "2026-01-02T00:00:00.000Z"
      },
      {
        "id": "wf4_task3",
        "name": "Identify Systemic Opportunities",
        "color": "#16a085",
        "size": 14,
        "icon": "🎯",
        "description": "Determine opportunities for systemic improvements that benefit multiple processes or the entire QMS",
        "category": "task",
        "subCat": "Continuous Improvement",
        "link1": "",
        "link2": "",
        "link3": "",
        "link4": "",
        "priority": "High",
        "deadline": "",
        "userDate": "",
        "x": 700,
        "y": 1150,
        "fx": 700,
        "fy": 1150,
        "createdDate": "2026-01-02T00:00:00.000Z",
        "modifiedDate": "2026-01-02T00:00:00.000Z"
      },
      {
        "id": "wf4_task4",
        "name": "Review with Management",
        "color": "#16a085",
        "size": 14,
        "icon": "👔",
        "description": "Present improvement opportunities to management for review and resource allocation",
        "category": "task",
        "subCat": "Continuous Improvement",
        "link1": "",
        "link2": "",
        "link3": "",
        "link4": "",
        "priority": "High",
        "deadline": "",
        "userDate": "",
        "x": 900,
        "y": 1150,
        "fx": 900,
        "fy": 1150,
        "createdDate": "2026-01-02T00:00:00.000Z",
        "modifiedDate": "2026-01-02T00:00:00.000Z"
      },
      {
        "id": "wf4_task5",
        "name": "Prioritize Improvements",
        "color": "#16a085",
        "size": 14,
        "icon": "🏆",
        "description": "Rank improvements based on impact, feasibility, resources required, and strategic alignment",
        "category": "task",
        "subCat": "Continuous Improvement",
        "link1": "",
        "link2": "",
        "link3": "",
        "link4": "",
        "priority": "High",
        "deadline": "",
        "userDate": "",
        "x": 1100,
        "y": 1150,
        "fx": 1100,
        "fy": 1150,
        "createdDate": "2026-01-02T00:00:00.000Z",
        "modifiedDate": "2026-01-02T00:00:00.000Z"
      },
      {
        "id": "wf4_task6",
        "name": "Implement Changes",
        "color": "#16a085",
        "size": 14,
        "icon": "⚙️",
        "description": "Execute approved improvement initiatives with assigned resources and timelines",
        "category": "task",
        "subCat": "Continuous Improvement",
        "link1": "",
        "link2": "",
        "link3": "",
        "link4": "",
        "priority": "High",
        "deadline": "",
        "userDate": "",
        "x": 1300,
        "y": 1150,
        "fx": 1300,
        "fy": 1150,
        "createdDate": "2026-01-02T00:00:00.000Z",
        "modifiedDate": "2026-01-02T00:00:00.000Z"
      },
      {
        "id": "wf4_task7",
        "name": "Monitor Results",
        "color": "#16a085",
        "size": 14,
        "icon": "📈",
        "description": "Track performance indicators to measure impact and effectiveness of improvements",
        "category": "task",
        "subCat": "Continuous Improvement",
        "link1": "",
        "link2": "",
        "link3": "",
        "link4": "",
        "priority": "High",
        "deadline": "",
        "userDate": "",
        "x": 1500,
        "y": 1150,
        "fx": 1500,
        "fy": 1150,
        "createdDate": "2026-01-02T00:00:00.000Z",
        "modifiedDate": "2026-01-02T00:00:00.000Z"
      },
      {
        "id": "wf4_decision1",
        "name": "Results Positive?",
        "color": "#f39c12",
        "size": 16,
        "icon": "❓",
        "description": "Evaluate if improvements achieved desired outcomes and benefits",
        "category": "decision",
        "subCat": "Continuous Improvement",
        "link1": "",
        "link2": "",
        "link3": "",
        "link4": "",
        "priority": "High",
        "deadline": "",
        "userDate": "",
        "x": 1700,
        "y": 1150,
        "fx": 1700,
        "fy": 1150,
        "createdDate": "2026-01-02T00:00:00.000Z",
        "modifiedDate": "2026-01-02T00:00:00.000Z"
      },
      {
        "id": "wf4_task8",
        "name": "Share Best Practices",
        "color": "#16a085",
        "size": 14,
        "icon": "📢",
        "description": "Communicate successful improvements across the organization for replication in other areas",
        "category": "task",
        "subCat": "Continuous Improvement",
        "link1": "",
        "link2": "",
        "link3": "",
        "link4": "",
        "priority": "Medium",
        "deadline": "",
        "userDate": "",
        "x": 1900,
        "y": 1150,
        "fx": 1900,
        "fy": 1150,
        "createdDate": "2026-01-02T00:00:00.000Z",
        "modifiedDate": "2026-01-02T00:00:00.000Z"
      },
      {
        "id": "wf4_decision2",
        "name": "Update Procedures?",
        "color": "#f39c12",
        "size": 16,
        "icon": "❓",
        "description": "Determine if documented procedures need updating to reflect improvements",
        "category": "decision",
        "subCat": "Continuous Improvement",
        "link1": "",
        "link2": "",
        "link3": "",
        "link4": "",
        "priority": "Medium",
        "deadline": "",
        "userDate": "",
        "x": 2100,
        "y": 1150,
        "fx": 2100,
        "fy": 1150,
        "createdDate": "2026-01-02T00:00:00.000Z",
        "modifiedDate": "2026-01-02T00:00:00.000Z"
      },
      {
        "id": "wf4_task9",
        "name": "Update Documentation",
        "color": "#16a085",
        "size": 14,
        "icon": "📝",
        "description": "Revise procedures, work instructions, and quality manuals to reflect implemented improvements",
        "category": "task",
        "subCat": "Continuous Improvement",
        "link1": "",
        "link2": "",
        "link3": "",
        "link4": "",
        "priority": "High",
        "deadline": "",
        "userDate": "",
        "x": 2100,
        "y": 1300,
        "fx": 2100,
        "fy": 1300,
        "createdDate": "2026-01-02T00:00:00.000Z",
        "modifiedDate": "2026-01-02T00:00:00.000Z"
      },
      {
        "id": "wf4_task10",
        "name": "Include in Next Audit Scope",
        "color": "#16a085",
        "size": 14,
        "icon": "🔍",
        "description": "Add improved areas to next audit cycle to verify sustained effectiveness",
        "category": "task",
        "subCat": "Continuous Improvement",
        "link1": "",
        "link2": "",
        "link3": "",
        "link4": "",
        "priority": "High",
        "deadline": "",
        "userDate": "",
        "x": 1900,
        "y": 1300,
        "fx": 1900,
        "fy": 1300,
        "createdDate": "2026-01-02T00:00:00.000Z",
        "modifiedDate": "2026-01-02T00:00:00.000Z"
      },
      {
        "id": "wf4_task11",
        "name": "Feed into Management Review",
        "color": "#16a085",
        "size": 14,
        "icon": "📊",
        "description": "Include improvement results and metrics in management review for strategic decision making",
        "category": "task",
        "subCat": "Continuous Improvement",
        "link1": "",
        "link2": "",
        "link3": "",
        "link4": "",
        "priority": "High",
        "deadline": "",
        "userDate": "",
        "x": 1700,
        "y": 1300,
        "fx": 1700,
        "fy": 1300,
        "createdDate": "2026-01-02T00:00:00.000Z",
        "modifiedDate": "2026-01-02T00:00:00.000Z"
      },
      {
        "id": "wf4_decision3",
        "name": "Continue Cycle?",
        "color": "#f39c12",
        "size": 16,
        "icon": "❓",
        "description": "Determine if continuous improvement cycle should restart with new opportunities",
        "category": "decision",
        "subCat": "Continuous Improvement",
        "link1": "",
        "link2": "",
        "link3": "",
        "link4": "",
        "priority": "Medium",
        "deadline": "",
        "userDate": "",
        "x": 1500,
        "y": 1300,
        "fx": 1500,
        "fy": 1300,
        "createdDate": "2026-01-02T00:00:00.000Z",
        "modifiedDate": "2026-01-02T00:00:00.000Z"
      },
      {
        "id": "wf4_end",
        "name": "End",
        "color": "#c0392b",
        "size": 18,
        "icon": "⏹️",
        "description": "Continuous Improvement Cycle Complete",
        "category": "start-end",
        "subCat": "Continuous Improvement",
        "link1": "",
        "link2": "",
        "link3": "",
        "link4": "",
        "priority": "High",
        "deadline": "",
        "userDate": "",
        "x": 1300,
        "y": 1300,
        "fx": 1300,
        "fy": 1300,
        "createdDate": "2026-01-02T00:00:00.000Z",
        "modifiedDate": "2026-01-02T00:00:00.000Z"
      }
    ],
    "edges": [
      {
        "id": "wf1_edge_start_to_task1",
        "name": "begin",
        "source": "wf1_start",
        "target": "wf1_task1",
        "description": "Begin planning with management review",
        "relationship": "next",
        "directed": true,
        "color": "#27ae60",
        "weight": 2
      },
      {
        "id": "wf1_edge_task1_to_task2",
        "name": "proceed",
        "source": "wf1_task1",
        "target": "wf1_task2",
        "description": "Proceed to identify focus areas",
        "relationship": "next",
        "directed": true,
        "color": "#3498db",
        "weight": 2
      },
      {
        "id": "wf1_edge_task2_to_task3",
        "name": "proceed",
        "source": "wf1_task2",
        "target": "wf1_task3",
        "description": "Apply risk-based approach",
        "relationship": "next",
        "directed": true,
        "color": "#3498db",
        "weight": 2
      },
      {
        "id": "wf1_edge_task3_to_task4",
        "name": "proceed",
        "source": "wf1_task3",
        "target": "wf1_task4",
        "description": "Update program documentation",
        "relationship": "next",
        "directed": true,
        "color": "#3498db",
        "weight": 2
      },
      {
        "id": "wf1_edge_task4_to_task5",
        "name": "proceed",
        "source": "wf1_task4",
        "target": "wf1_task5",
        "description": "Assign auditors",
        "relationship": "next",
        "directed": true,
        "color": "#3498db",
        "weight": 2
      },
      {
        "id": "wf1_edge_task5_to_task6",
        "name": "proceed",
        "source": "wf1_task5",
        "target": "wf1_task6",
        "description": "Create schedule",
        "relationship": "next",
        "directed": true,
        "color": "#3498db",
        "weight": 2
      },
      {
        "id": "wf1_edge_task6_to_task7",
        "name": "proceed",
        "source": "wf1_task6",
        "target": "wf1_task7",
        "description": "Communicate to organization",
        "relationship": "next",
        "directed": true,
        "color": "#3498db",
        "weight": 2
      },
      {
        "id": "wf1_edge_task7_to_decision1",
        "name": "proceed",
        "source": "wf1_task7",
        "target": "wf1_decision1",
        "description": "Submit for approval",
        "relationship": "next",
        "directed": true,
        "color": "#3498db",
        "weight": 2
      },
      {
        "id": "wf1_edge_decision1_to_task8_yes",
        "name": "yes - approved",
        "source": "wf1_decision1",
        "target": "wf1_task8",
        "description": "Approved - Begin monitoring",
        "relationship": "next",
        "directed": true,
        "color": "#27ae60",
        "weight": 2
      },
      {
        "id": "wf1_edge_decision1_to_task4_no",
        "name": "no - revise",
        "source": "wf1_decision1",
        "target": "wf1_task4",
        "description": "Not approved - Revise program",
        "relationship": "next",
        "directed": true,
        "color": "#e74c3c",
        "weight": 2
      },
      {
        "id": "wf1_edge_task8_to_decision2",
        "name": "proceed",
        "source": "wf1_task8",
        "target": "wf1_decision2",
        "description": "Check for needed changes",
        "relationship": "next",
        "directed": true,
        "color": "#3498db",
        "weight": 2
      },
      {
        "id": "wf1_edge_decision2_to_task4_yes",
        "name": "yes - adjust",
        "source": "wf1_decision2",
        "target": "wf1_task4",
        "description": "Changes needed - Update program",
        "relationship": "next",
        "directed": true,
        "color": "#f39c12",
        "weight": 2
      },
      {
        "id": "wf1_edge_decision2_to_end_no",
        "name": "no - complete",
        "source": "wf1_decision2",
        "target": "wf1_end",
        "description": "No changes - Complete",
        "relationship": "next",
        "directed": true,
        "color": "#27ae60",
        "weight": 2
      },
      {
        "id": "wf2_edge_start_to_task1",
        "name": "begin",
        "source": "wf2_start",
        "target": "wf2_task1",
        "description": "Begin with scope definition",
        "relationship": "next",
        "directed": true,
        "color": "#27ae60",
        "weight": 2
      },
      {
        "id": "wf2_edge_task1_to_task2",
        "name": "proceed",
        "source": "wf2_task1",
        "target": "wf2_task2",
        "description": "Assign auditors",
        "relationship": "next",
        "directed": true,
        "color": "#9b59b6",
        "weight": 2
      },
      {
        "id": "wf2_edge_task2_to_task3",
        "name": "proceed",
        "source": "wf2_task2",
        "target": "wf2_task3",
        "description": "Prepare checklist",
        "relationship": "next",
        "directed": true,
        "color": "#9b59b6",
        "weight": 2
      },
      {
        "id": "wf2_edge_task3_to_task4",
        "name": "proceed",
        "source": "wf2_task3",
        "target": "wf2_task4",
        "description": "Review documentation",
        "relationship": "next",
        "directed": true,
        "color": "#9b59b6",
        "weight": 2
      },
      {
        "id": "wf2_edge_task4_to_task5",
        "name": "proceed",
        "source": "wf2_task4",
        "target": "wf2_task5",
        "description": "Conduct opening meeting",
        "relationship": "next",
        "directed": true,
        "color": "#9b59b6",
        "weight": 2
      },
      {
        "id": "wf2_edge_task5_to_task6",
        "name": "proceed",
        "source": "wf2_task5",
        "target": "wf2_task6",
        "description": "Begin evidence collection",
        "relationship": "next",
        "directed": true,
        "color": "#9b59b6",
        "weight": 2
      },
      {
        "id": "wf2_edge_task6_to_task7",
        "name": "proceed",
        "source": "wf2_task6",
        "target": "wf2_task7",
        "description": "Document findings",
        "relationship": "next",
        "directed": true,
        "color": "#9b59b6",
        "weight": 2
      },
      {
        "id": "wf2_edge_task7_to_task8",
        "name": "proceed",
        "source": "wf2_task7",
        "target": "wf2_task8",
        "description": "Analyze findings",
        "relationship": "next",
        "directed": true,
        "color": "#9b59b6",
        "weight": 2
      },
      {
        "id": "wf2_edge_task8_to_task9",
        "name": "proceed",
        "source": "wf2_task8",
        "target": "wf2_task9",
        "description": "Present results",
        "relationship": "next",
        "directed": true,
        "color": "#9b59b6",
        "weight": 2
      },
      {
        "id": "wf2_edge_task9_to_task10",
        "name": "proceed",
        "source": "wf2_task9",
        "target": "wf2_task10",
        "description": "Prepare report",
        "relationship": "next",
        "directed": true,
        "color": "#9b59b6",
        "weight": 2
      },
      {
        "id": "wf2_edge_task10_to_decision1",
        "name": "evaluate",
        "source": "wf2_task10",
        "target": "wf2_decision1",
        "description": "Evaluate findings",
        "relationship": "next",
        "directed": true,
        "color": "#9b59b6",
        "weight": 2
      },
      {
        "id": "wf2_edge_decision1_to_task11_yes",
        "name": "yes - CA required",
        "source": "wf2_decision1",
        "target": "wf2_task11",
        "description": "CA required - Track actions",
        "relationship": "next",
        "directed": true,
        "color": "#e67e22",
        "weight": 2
      },
      {
        "id": "wf2_edge_decision1_to_task13_no",
        "name": "no - close",
        "source": "wf2_decision1",
        "target": "wf2_task13",
        "description": "No CA required - Close audit",
        "relationship": "next",
        "directed": true,
        "color": "#27ae60",
        "weight": 2
      },
      {
        "id": "wf2_edge_task11_to_task12",
        "name": "proceed",
        "source": "wf2_task11",
        "target": "wf2_task12",
        "description": "Verify effectiveness",
        "relationship": "next",
        "directed": true,
        "color": "#9b59b6",
        "weight": 2
      },
      {
        "id": "wf2_edge_task12_to_task13",
        "name": "proceed",
        "source": "wf2_task12",
        "target": "wf2_task13",
        "description": "Close audit",
        "relationship": "next",
        "directed": true,
        "color": "#9b59b6",
        "weight": 2
      },
      {
        "id": "wf2_edge_task13_to_task14",
        "name": "proceed",
        "source": "wf2_task13",
        "target": "wf2_task14",
        "description": "Update metrics",
        "relationship": "next",
        "directed": true,
        "color": "#9b59b6",
        "weight": 2
      },
      {
        "id": "wf2_edge_task14_to_end",
        "name": "complete",
        "source": "wf2_task14",
        "target": "wf2_end",
        "description": "Complete",
        "relationship": "next",
        "directed": true,
        "color": "#27ae60",
        "weight": 2
      },
      {
        "id": "wf3_edge_start_to_task1",
        "name": "begin",
        "source": "wf3_start",
        "target": "wf3_task1",
        "description": "Finding identified",
        "relationship": "next",
        "directed": true,
        "color": "#27ae60",
        "weight": 2
      },
      {
        "id": "wf3_edge_task1_to_task2",
        "name": "proceed",
        "source": "wf3_task1",
        "target": "wf3_task2",
        "description": "Notify auditee",
        "relationship": "next",
        "directed": true,
        "color": "#e74c3c",
        "weight": 2
      },
      {
        "id": "wf3_edge_task2_to_decision1",
        "name": "evaluate",
        "source": "wf3_task2",
        "target": "wf3_decision1",
        "description": "Evaluate severity",
        "relationship": "next",
        "directed": true,
        "color": "#e74c3c",
        "weight": 2
      },
      {
        "id": "wf3_edge_decision1_to_task3_yes",
        "name": "yes - CA required",
        "source": "wf3_decision1",
        "target": "wf3_task3",
        "description": "CA required - Begin RCA",
        "relationship": "next",
        "directed": true,
        "color": "#e67e22",
        "weight": 2
      },
      {
        "id": "wf3_edge_decision1_to_task9_no",
        "name": "no - close",
        "source": "wf3_decision1",
        "target": "wf3_task9",
        "description": "No CA required - Close",
        "relationship": "next",
        "directed": true,
        "color": "#27ae60",
        "weight": 2
      },
      {
        "id": "wf3_edge_task3_to_task4",
        "name": "proceed",
        "source": "wf3_task3",
        "target": "wf3_task4",
        "description": "Develop plan",
        "relationship": "next",
        "directed": true,
        "color": "#e74c3c",
        "weight": 2
      },
      {
        "id": "wf3_edge_task4_to_decision2",
        "name": "submit",
        "source": "wf3_task4",
        "target": "wf3_decision2",
        "description": "Submit for approval",
        "relationship": "next",
        "directed": true,
        "color": "#e74c3c",
        "weight": 2
      },
      {
        "id": "wf3_edge_decision2_to_task5_yes",
        "name": "yes - approved",
        "source": "wf3_decision2",
        "target": "wf3_task5",
        "description": "Approved - Implement",
        "relationship": "next",
        "directed": true,
        "color": "#27ae60",
        "weight": 2
      },
      {
        "id": "wf3_edge_decision2_to_task4_no",
        "name": "no - revise",
        "source": "wf3_decision2",
        "target": "wf3_task4",
        "description": "Not approved - Revise plan",
        "relationship": "next",
        "directed": true,
        "color": "#e67e22",
        "weight": 2
      },
      {
        "id": "wf3_edge_task5_to_task6",
        "name": "proceed",
        "source": "wf3_task5",
        "target": "wf3_task6",
        "description": "Verify implementation",
        "relationship": "next",
        "directed": true,
        "color": "#e74c3c",
        "weight": 2
      },
      {
        "id": "wf3_edge_task6_to_task7",
        "name": "proceed",
        "source": "wf3_task6",
        "target": "wf3_task7",
        "description": "Wait for effectiveness period",
        "relationship": "next",
        "directed": true,
        "color": "#e74c3c",
        "weight": 2
      },
      {
        "id": "wf3_edge_task7_to_task8",
        "name": "proceed",
        "source": "wf3_task7",
        "target": "wf3_task8",
        "description": "Conduct effectiveness check",
        "relationship": "next",
        "directed": true,
        "color": "#e74c3c",
        "weight": 2
      },
      {
        "id": "wf3_edge_task8_to_decision3",
        "name": "evaluate",
        "source": "wf3_task8",
        "target": "wf3_decision3",
        "description": "Evaluate effectiveness",
        "relationship": "next",
        "directed": true,
        "color": "#e74c3c",
        "weight": 2
      },
      {
        "id": "wf3_edge_decision3_to_task9_yes",
        "name": "yes - effective",
        "source": "wf3_decision3",
        "target": "wf3_task9",
        "description": "Effective - Close finding",
        "relationship": "next",
        "directed": true,
        "color": "#27ae60",
        "weight": 2
      },
      {
        "id": "wf3_edge_decision3_to_task4_no",
        "name": "no - re-plan",
        "source": "wf3_decision3",
        "target": "wf3_task4",
        "description": "Not effective - Re-plan",
        "relationship": "next",
        "directed": true,
        "color": "#e74c3c",
        "weight": 2
      },
      {
        "id": "wf3_edge_task9_to_task10",
        "name": "proceed",
        "source": "wf3_task9",
        "target": "wf3_task10",
        "description": "Update risk register",
        "relationship": "next",
        "directed": true,
        "color": "#e74c3c",
        "weight": 2
      },
      {
        "id": "wf3_edge_task10_to_task11",
        "name": "proceed",
        "source": "wf3_task10",
        "target": "wf3_task11",
        "description": "Document lessons",
        "relationship": "next",
        "directed": true,
        "color": "#e74c3c",
        "weight": 2
      },
      {
        "id": "wf3_edge_task11_to_end",
        "name": "complete",
        "source": "wf3_task11",
        "target": "wf3_end",
        "description": "Complete",
        "relationship": "next",
        "directed": true,
        "color": "#27ae60",
        "weight": 2
      },
      {
        "id": "wf4_edge_start_to_task1",
        "name": "begin",
        "source": "wf4_start",
        "target": "wf4_task1",
        "description": "Identify opportunities",
        "relationship": "next",
        "directed": true,
        "color": "#27ae60",
        "weight": 2
      },
      {
        "id": "wf4_edge_task1_to_task2",
        "name": "proceed",
        "source": "wf4_task1",
        "target": "wf4_task2",
        "description": "Analyze trends",
        "relationship": "next",
        "directed": true,
        "color": "#16a085",
        "weight": 2
      },
      {
        "id": "wf4_edge_task2_to_task3",
        "name": "proceed",
        "source": "wf4_task2",
        "target": "wf4_task3",
        "description": "Identify systemic opportunities",
        "relationship": "next",
        "directed": true,
        "color": "#16a085",
        "weight": 2
      },
      {
        "id": "wf4_edge_task3_to_task4",
        "name": "proceed",
        "source": "wf4_task3",
        "target": "wf4_task4",
        "description": "Present to management",
        "relationship": "next",
        "directed": true,
        "color": "#16a085",
        "weight": 2
      },
      {
        "id": "wf4_edge_task4_to_task5",
        "name": "proceed",
        "source": "wf4_task4",
        "target": "wf4_task5",
        "description": "Prioritize improvements",
        "relationship": "next",
        "directed": true,
        "color": "#16a085",
        "weight": 2
      },
      {
        "id": "wf4_edge_task5_to_task6",
        "name": "proceed",
        "source": "wf4_task5",
        "target": "wf4_task6",
        "description": "Implement changes",
        "relationship": "next",
        "directed": true,
        "color": "#16a085",
        "weight": 2
      },
      {
        "id": "wf4_edge_task6_to_task7",
        "name": "proceed",
        "source": "wf4_task6",
        "target": "wf4_task7",
        "description": "Monitor results",
        "relationship": "next",
        "directed": true,
        "color": "#16a085",
        "weight": 2
      },
      {
        "id": "wf4_edge_task7_to_decision1",
        "name": "evaluate",
        "source": "wf4_task7",
        "target": "wf4_decision1",
        "description": "Evaluate results",
        "relationship": "next",
        "directed": true,
        "color": "#16a085",
        "weight": 2
      },
      {
        "id": "wf4_edge_decision1_to_task8_yes",
        "name": "yes - positive",
        "source": "wf4_decision1",
        "target": "wf4_task8",
        "description": "Positive results - Share",
        "relationship": "next",
        "directed": true,
        "color": "#27ae60",
        "weight": 2
      },
      {
        "id": "wf4_edge_decision1_to_task5_no",
        "name": "no - adjust",
        "source": "wf4_decision1",
        "target": "wf4_task5",
        "description": "Negative results - Re-prioritize",
        "relationship": "next",
        "directed": true,
        "color": "#e74c3c",
        "weight": 2
      },
      {
        "id": "wf4_edge_task8_to_decision2",
        "name": "evaluate",
        "source": "wf4_task8",
        "target": "wf4_decision2",
        "description": "Check if procedures need update",
        "relationship": "next",
        "directed": true,
        "color": "#16a085",
        "weight": 2
      },
      {
        "id": "wf4_edge_decision2_to_task9_yes",
        "name": "yes - update",
        "source": "wf4_decision2",
        "target": "wf4_task9",
        "description": "Update needed - Revise docs",
        "relationship": "next",
        "directed": true,
        "color": "#e67e22",
        "weight": 2
      },
      {
        "id": "wf4_edge_decision2_to_task10_no",
        "name": "no - continue",
        "source": "wf4_decision2",
        "target": "wf4_task10",
        "description": "No update needed - Continue",
        "relationship": "next",
        "directed": true,
        "color": "#27ae60",
        "weight": 2
      },
      {
        "id": "wf4_edge_task9_to_task10",
        "name": "proceed",
        "source": "wf4_task9",
        "target": "wf4_task10",
        "description": "Include in next audit",
        "relationship": "next",
        "directed": true,
        "color": "#16a085",
        "weight": 2
      },
      {
        "id": "wf4_edge_task10_to_task11",
        "name": "proceed",
        "source": "wf4_task10",
        "target": "wf4_task11",
        "description": "Feed into management review",
        "relationship": "next",
        "directed": true,
        "color": "#16a085",
        "weight": 2
      },
      {
        "id": "wf4_edge_task11_to_decision3",
        "name": "evaluate",
        "source": "wf4_task11",
        "target": "wf4_decision3",
        "description": "Decide if cycle continues",
        "relationship": "next",
        "directed": true,
        "color": "#16a085",
        "weight": 2
      },
      {
        "id": "wf4_edge_decision3_to_task1_yes",
        "name": "yes - restart",
        "source": "wf4_decision3",
        "target": "wf4_task1",
        "description": "Continue - Restart cycle",
        "relationship": "next",
        "directed": true,
        "color": "#27ae60",
        "weight": 2
      },
      {
        "id": "wf4_edge_decision3_to_end_no",
        "name": "no - stop",
        "source": "wf4_decision3",
        "target": "wf4_end",
        "description": "Stop - End cycle",
        "relationship": "next",
        "directed": true,
        "color": "#c0392b",
        "weight": 2
      }
    ]
  }
}
