{
  "graph": {
    "metadata": {
      "name": "Continuous_Improvement_Cycle",
      "title": "Continuous Improvement Cycle Workflow",
      "description": "Complete workflow for continuous improvement from identifying opportunities through implementation and sustainability. Includes trend analysis, management review, prioritization, monitoring with feedback loops, procedure updates, and integration with management review aligned with AS9100D Clause 10.3.",
      "created": "2026-01-02",
      "modified": "2026-01-02"
    },
    "settings": {
      "nodeLabelSize": 12,
      "edgeLabelSize": 10,
      "worldBoundary": {
        "enabled": false,
        "minX": -2000,
        "maxX": 2000,
        "minY": -2000,
        "maxY": 2000
      }
    },
    "nodes": [
      {
        "id": "wf4_start",
        "name": "Start",
        "color": "#27ae60",
        "size": 18,
        "icon": "▶️",
        "description": "Begin Continuous Improvement Cycle",
        "category": "start-end",
        "subCat": "Continuous Improvement",
        "link1": "",
        "link2": "",
        "link3": "",
        "link4": "",
        "priority": "High",
        "deadline": "",
        "userDate": "",
        "x": 100,
        "y": 1150,
        "fx": 100,
        "fy": 1150,
        "createdDate": "2026-01-02T00:00:00.000Z",
        "modifiedDate": "2026-01-02T00:00:00.000Z"
      },
      {
        "id": "wf4_task1",
        "name": "Identify Observations & Positive Practices",
        "color": "#16a085",
        "size": 14,
        "icon": "💡",
        "description": "Collect observations, positive practices, and improvement opportunities from audits",
        "category": "task",
        "subCat": "Continuous Improvement",
        "link1": "",
        "link2": "",
        "link3": "",
        "link4": "",
        "priority": "High",
        "deadline": "",
        "userDate": "",
        "x": 300,
        "y": 1150,
        "fx": 300,
        "fy": 1150,
        "createdDate": "2026-01-02T00:00:00.000Z",
        "modifiedDate": "2026-01-02T00:00:00.000Z"
      },
      {
        "id": "wf4_task2",
        "name": "Analyze Trends Across Audits",
        "color": "#16a085",
        "size": 14,
        "icon": "📊",
        "description": "Review multiple audit results to identify patterns, trends, and systemic issues",
        "category": "task",
        "subCat": "Continuous Improvement",
        "link1": "",
        "link2": "",
        "link3": "",
        "link4": "",
        "priority": "High",
        "deadline": "",
        "userDate": "",
        "x": 500,
        "y": 1150,
        "fx": 500,
        "fy": 1150,
        "createdDate": "2026-01-02T00:00:00.000Z",
        "modifiedDate": "2026-01-02T00:00:00.000Z"
      },
      {
        "id": "wf4_task3",
        "name": "Identify Systemic Opportunities",
        "color": "#16a085",
        "size": 14,
        "icon": "🎯",
        "description": "Determine opportunities for systemic improvements that benefit multiple processes or the entire QMS",
        "category": "task",
        "subCat": "Continuous Improvement",
        "link1": "",
        "link2": "",
        "link3": "",
        "link4": "",
        "priority": "High",
        "deadline": "",
        "userDate": "",
        "x": 700,
        "y": 1150,
        "fx": 700,
        "fy": 1150,
        "createdDate": "2026-01-02T00:00:00.000Z",
        "modifiedDate": "2026-01-02T00:00:00.000Z"
      },
      {
        "id": "wf4_task4",
        "name": "Review with Management",
        "color": "#16a085",
        "size": 14,
        "icon": "👔",
        "description": "Present improvement opportunities to management for review and resource allocation",
        "category": "task",
        "subCat": "Continuous Improvement",
        "link1": "",
        "link2": "",
        "link3": "",
        "link4": "",
        "priority": "High",
        "deadline": "",
        "userDate": "",
        "x": 900,
        "y": 1150,
        "fx": 900,
        "fy": 1150,
        "createdDate": "2026-01-02T00:00:00.000Z",
        "modifiedDate": "2026-01-02T00:00:00.000Z"
      },
      {
        "id": "wf4_task5",
        "name": "Prioritize Improvements",
        "color": "#16a085",
        "size": 14,
        "icon": "🏆",
        "description": "Rank improvements based on impact, feasibility, resources required, and strategic alignment",
        "category": "task",
        "subCat": "Continuous Improvement",
        "link1": "",
        "link2": "",
        "link3": "",
        "link4": "",
        "priority": "High",
        "deadline": "",
        "userDate": "",
        "x": 1100,
        "y": 1150,
        "fx": 1100,
        "fy": 1150,
        "createdDate": "2026-01-02T00:00:00.000Z",
        "modifiedDate": "2026-01-02T00:00:00.000Z"
      },
      {
        "id": "wf4_task6",
        "name": "Implement Changes",
        "color": "#16a085",
        "size": 14,
        "icon": "⚙️",
        "description": "Execute approved improvement initiatives with assigned resources and timelines",
        "category": "task",
        "subCat": "Continuous Improvement",
        "link1": "",
        "link2": "",
        "link3": "",
        "link4": "",
        "priority": "High",
        "deadline": "",
        "userDate": "",
        "x": 1300,
        "y": 1150,
        "fx": 1300,
        "fy": 1150,
        "createdDate": "2026-01-02T00:00:00.000Z",
        "modifiedDate": "2026-01-02T00:00:00.000Z"
      },
      {
        "id": "wf4_task7",
        "name": "Monitor Results",
        "color": "#16a085",
        "size": 14,
        "icon": "📈",
        "description": "Track performance indicators to measure impact and effectiveness of improvements",
        "category": "task",
        "subCat": "Continuous Improvement",
        "link1": "",
        "link2": "",
        "link3": "",
        "link4": "",
        "priority": "High",
        "deadline": "",
        "userDate": "",
        "x": 1500,
        "y": 1150,
        "fx": 1500,
        "fy": 1150,
        "createdDate": "2026-01-02T00:00:00.000Z",
        "modifiedDate": "2026-01-02T00:00:00.000Z"
      },
      {
        "id": "wf4_decision1",
        "name": "Results Positive?",
        "color": "#f39c12",
        "size": 16,
        "icon": "❓",
        "description": "Evaluate if improvements achieved desired outcomes and benefits",
        "category": "decision",
        "subCat": "Continuous Improvement",
        "link1": "",
        "link2": "",
        "link3": "",
        "link4": "",
        "priority": "High",
        "deadline": "",
        "userDate": "",
        "x": 1700,
        "y": 1150,
        "fx": 1700,
        "fy": 1150,
        "createdDate": "2026-01-02T00:00:00.000Z",
        "modifiedDate": "2026-01-02T00:00:00.000Z"
      },
      {
        "id": "wf4_task8",
        "name": "Share Best Practices",
        "color": "#16a085",
        "size": 14,
        "icon": "📢",
        "description": "Communicate successful improvements across the organization for replication in other areas",
        "category": "task",
        "subCat": "Continuous Improvement",
        "link1": "",
        "link2": "",
        "link3": "",
        "link4": "",
        "priority": "Medium",
        "deadline": "",
        "userDate": "",
        "x": 1900,
        "y": 1150,
        "fx": 1900,
        "fy": 1150,
        "createdDate": "2026-01-02T00:00:00.000Z",
        "modifiedDate": "2026-01-02T00:00:00.000Z"
      },
      {
        "id": "wf4_decision2",
        "name": "Update Procedures?",
        "color": "#f39c12",
        "size": 16,
        "icon": "❓",
        "description": "Determine if documented procedures need updating to reflect improvements",
        "category": "decision",
        "subCat": "Continuous Improvement",
        "link1": "",
        "link2": "",
        "link3": "",
        "link4": "",
        "priority": "Medium",
        "deadline": "",
        "userDate": "",
        "x": 2100,
        "y": 1150,
        "fx": 2100,
        "fy": 1150,
        "createdDate": "2026-01-02T00:00:00.000Z",
        "modifiedDate": "2026-01-02T00:00:00.000Z"
      },
      {
        "id": "wf4_task9",
        "name": "Update Documentation",
        "color": "#16a085",
        "size": 14,
        "icon": "📝",
        "description": "Revise procedures, work instructions, and quality manuals to reflect implemented improvements",
        "category": "task",
        "subCat": "Continuous Improvement",
        "link1": "",
        "link2": "",
        "link3": "",
        "link4": "",
        "priority": "High",
        "deadline": "",
        "userDate": "",
        "x": 2100,
        "y": 1300,
        "fx": 2100,
        "fy": 1300,
        "createdDate": "2026-01-02T00:00:00.000Z",
        "modifiedDate": "2026-01-02T00:00:00.000Z"
      },
      {
        "id": "wf4_task10",
        "name": "Include in Next Audit Scope",
        "color": "#16a085",
        "size": 14,
        "icon": "🔍",
        "description": "Add improved areas to next audit cycle to verify sustained effectiveness",
        "category": "task",
        "subCat": "Continuous Improvement",
        "link1": "",
        "link2": "",
        "link3": "",
        "link4": "",
        "priority": "High",
        "deadline": "",
        "userDate": "",
        "x": 1900,
        "y": 1300,
        "fx": 1900,
        "fy": 1300,
        "createdDate": "2026-01-02T00:00:00.000Z",
        "modifiedDate": "2026-01-02T00:00:00.000Z"
      },
      {
        "id": "wf4_task11",
        "name": "Feed into Management Review",
        "color": "#16a085",
        "size": 14,
        "icon": "📊",
        "description": "Include improvement results and metrics in management review for strategic decision making",
        "category": "task",
        "subCat": "Continuous Improvement",
        "link1": "",
        "link2": "",
        "link3": "",
        "link4": "",
        "priority": "High",
        "deadline": "",
        "userDate": "",
        "x": 1700,
        "y": 1300,
        "fx": 1700,
        "fy": 1300,
        "createdDate": "2026-01-02T00:00:00.000Z",
        "modifiedDate": "2026-01-02T00:00:00.000Z"
      },
      {
        "id": "wf4_decision3",
        "name": "Continue Cycle?",
        "color": "#f39c12",
        "size": 16,
        "icon": "❓",
        "description": "Determine if continuous improvement cycle should restart with new opportunities",
        "category": "decision",
        "subCat": "Continuous Improvement",
        "link1": "",
        "link2": "",
        "link3": "",
        "link4": "",
        "priority": "Medium",
        "deadline": "",
        "userDate": "",
        "x": 1500,
        "y": 1300,
        "fx": 1500,
        "fy": 1300,
        "createdDate": "2026-01-02T00:00:00.000Z",
        "modifiedDate": "2026-01-02T00:00:00.000Z"
      },
      {
        "id": "wf4_end",
        "name": "End",
        "color": "#c0392b",
        "size": 18,
        "icon": "⏹️",
        "description": "Continuous Improvement Cycle Complete",
        "category": "start-end",
        "subCat": "Continuous Improvement",
        "link1": "",
        "link2": "",
        "link3": "",
        "link4": "",
        "priority": "High",
        "deadline": "",
        "userDate": "",
        "x": 1300,
        "y": 1300,
        "fx": 1300,
        "fy": 1300,
        "createdDate": "2026-01-02T00:00:00.000Z",
        "modifiedDate": "2026-01-02T00:00:00.000Z"
      }
    ],
    "edges": [
      {
        "id": "wf4_edge_start_to_task1",
        "name": "begin",
        "source": "wf4_start",
        "target": "wf4_task1",
        "description": "Identify opportunities",
        "relationship": "next",
        "directed": true,
        "color": "#27ae60",
        "weight": 2
      },
      {
        "id": "wf4_edge_task1_to_task2",
        "name": "proceed",
        "source": "wf4_task1",
        "target": "wf4_task2",
        "description": "Analyze trends",
        "relationship": "next",
        "directed": true,
        "color": "#16a085",
        "weight": 2
      },
      {
        "id": "wf4_edge_task2_to_task3",
        "name": "proceed",
        "source": "wf4_task2",
        "target": "wf4_task3",
        "description": "Identify systemic opportunities",
        "relationship": "next",
        "directed": true,
        "color": "#16a085",
        "weight": 2
      },
      {
        "id": "wf4_edge_task3_to_task4",
        "name": "proceed",
        "source": "wf4_task3",
        "target": "wf4_task4",
        "description": "Present to management",
        "relationship": "next",
        "directed": true,
        "color": "#16a085",
        "weight": 2
      },
      {
        "id": "wf4_edge_task4_to_task5",
        "name": "proceed",
        "source": "wf4_task4",
        "target": "wf4_task5",
        "description": "Prioritize improvements",
        "relationship": "next",
        "directed": true,
        "color": "#16a085",
        "weight": 2
      },
      {
        "id": "wf4_edge_task5_to_task6",
        "name": "proceed",
        "source": "wf4_task5",
        "target": "wf4_task6",
        "description": "Implement changes",
        "relationship": "next",
        "directed": true,
        "color": "#16a085",
        "weight": 2
      },
      {
        "id": "wf4_edge_task6_to_task7",
        "name": "proceed",
        "source": "wf4_task6",
        "target": "wf4_task7",
        "description": "Monitor results",
        "relationship": "next",
        "directed": true,
        "color": "#16a085",
        "weight": 2
      },
      {
        "id": "wf4_edge_task7_to_decision1",
        "name": "evaluate",
        "source": "wf4_task7",
        "target": "wf4_decision1",
        "description": "Evaluate results",
        "relationship": "next",
        "directed": true,
        "color": "#16a085",
        "weight": 2
      },
      {
        "id": "wf4_edge_decision1_to_task8_yes",
        "name": "yes - positive",
        "source": "wf4_decision1",
        "target": "wf4_task8",
        "description": "Positive results - Share",
        "relationship": "next",
        "directed": true,
        "color": "#27ae60",
        "weight": 2
      },
      {
        "id": "wf4_edge_decision1_to_task5_no",
        "name": "no - adjust",
        "source": "wf4_decision1",
        "target": "wf4_task5",
        "description": "Negative results - Re-prioritize",
        "relationship": "next",
        "directed": true,
        "color": "#e74c3c",
        "weight": 2
      },
      {
        "id": "wf4_edge_task8_to_decision2",
        "name": "evaluate",
        "source": "wf4_task8",
        "target": "wf4_decision2",
        "description": "Check if procedures need update",
        "relationship": "next",
        "directed": true,
        "color": "#16a085",
        "weight": 2
      },
      {
        "id": "wf4_edge_decision2_to_task9_yes",
        "name": "yes - update",
        "source": "wf4_decision2",
        "target": "wf4_task9",
        "description": "Update needed - Revise docs",
        "relationship": "next",
        "directed": true,
        "color": "#e67e22",
        "weight": 2
      },
      {
        "id": "wf4_edge_decision2_to_task10_no",
        "name": "no - continue",
        "source": "wf4_decision2",
        "target": "wf4_task10",
        "description": "No update needed - Continue",
        "relationship": "next",
        "directed": true,
        "color": "#27ae60",
        "weight": 2
      },
      {
        "id": "wf4_edge_task9_to_task10",
        "name": "proceed",
        "source": "wf4_task9",
        "target": "wf4_task10",
        "description": "Include in next audit",
        "relationship": "next",
        "directed": true,
        "color": "#16a085",
        "weight": 2
      },
      {
        "id": "wf4_edge_task10_to_task11",
        "name": "proceed",
        "source": "wf4_task10",
        "target": "wf4_task11",
        "description": "Feed into management review",
        "relationship": "next",
        "directed": true,
        "color": "#16a085",
        "weight": 2
      },
      {
        "id": "wf4_edge_task11_to_decision3",
        "name": "evaluate",
        "source": "wf4_task11",
        "target": "wf4_decision3",
        "description": "Decide if cycle continues",
        "relationship": "next",
        "directed": true,
        "color": "#16a085",
        "weight": 2
      },
      {
        "id": "wf4_edge_decision3_to_task1_yes",
        "name": "yes - restart",
        "source": "wf4_decision3",
        "target": "wf4_task1",
        "description": "Continue - Restart cycle",
        "relationship": "next",
        "directed": true,
        "color": "#27ae60",
        "weight": 2
      },
      {
        "id": "wf4_edge_decision3_to_end_no",
        "name": "no - stop",
        "source": "wf4_decision3",
        "target": "wf4_end",
        "description": "Stop - End cycle",
        "relationship": "next",
        "directed": true,
        "color": "#c0392b",
        "weight": 2
      }
    ]
  }
}
