{
  "graph": {
    "metadata": {
      "name": "Corrective_Action_Process",
      "title": "Corrective Action Process Workflow",
      "description": "Complete workflow for managing corrective actions from finding identification through closure. Includes root cause analysis, plan development and approval, implementation, effectiveness verification with feedback loops, and lessons learned documentation aligned with AS9100D Clause 10.2.",
      "created": "2026-01-02",
      "modified": "2026-01-02"
    },
    "settings": {
      "nodeLabelSize": 12,
      "edgeLabelSize": 10,
      "worldBoundary": {
        "enabled": false,
        "minX": -2000,
        "maxX": 2000,
        "minY": -2000,
        "maxY": 2000
      }
    },
    "nodes": [
      {
        "id": "wf3_start",
        "name": "Start",
        "color": "#27ae60",
        "size": 18,
        "icon": "▶️",
        "description": "Begin Corrective Action Process",
        "category": "start-end",
        "subCat": "Corrective Action",
        "link1": "",
        "link2": "",
        "link3": "",
        "link4": "",
        "priority": "Critical",
        "deadline": "",
        "userDate": "",
        "x": 100,
        "y": 800,
        "fx": 100,
        "fy": 800,
        "createdDate": "2026-01-02T00:00:00.000Z",
        "modifiedDate": "2026-01-02T00:00:00.000Z"
      },
      {
        "id": "wf3_task1",
        "name": "Finding Identified",
        "color": "#e74c3c",
        "size": 14,
        "icon": "🚨",
        "description": "Nonconformity or improvement opportunity identified through audit or other source",
        "category": "task",
        "subCat": "Corrective Action",
        "link1": "",
        "link2": "",
        "link3": "",
        "link4": "",
        "priority": "Critical",
        "deadline": "",
        "userDate": "",
        "x": 300,
        "y": 800,
        "fx": 300,
        "fy": 800,
        "createdDate": "2026-01-02T00:00:00.000Z",
        "modifiedDate": "2026-01-02T00:00:00.000Z"
      },
      {
        "id": "wf3_task2",
        "name": "Auditee Receives Report",
        "color": "#e74c3c",
        "size": 14,
        "icon": "📨",
        "description": "Process owner receives formal notification of finding with details and evidence",
        "category": "task",
        "subCat": "Corrective Action",
        "link1": "",
        "link2": "",
        "link3": "",
        "link4": "",
        "priority": "High",
        "deadline": "",
        "userDate": "",
        "x": 500,
        "y": 800,
        "fx": 500,
        "fy": 800,
        "createdDate": "2026-01-02T00:00:00.000Z",
        "modifiedDate": "2026-01-02T00:00:00.000Z"
      },
      {
        "id": "wf3_decision1",
        "name": "CA Required?",
        "color": "#f39c12",
        "size": 16,
        "icon": "❓",
        "description": "Determine if formal corrective action is needed based on severity (major vs minor finding)",
        "category": "decision",
        "subCat": "Corrective Action",
        "link1": "",
        "link2": "",
        "link3": "",
        "link4": "",
        "priority": "High",
        "deadline": "",
        "userDate": "",
        "x": 700,
        "y": 800,
        "fx": 700,
        "fy": 800,
        "createdDate": "2026-01-02T00:00:00.000Z",
        "modifiedDate": "2026-01-02T00:00:00.000Z"
      },
      {
        "id": "wf3_task3",
        "name": "Perform Root Cause Analysis",
        "color": "#e74c3c",
        "size": 14,
        "icon": "🔍",
        "description": "Use appropriate tools (5 Whys, Fishbone, etc.) to identify true root cause, not just symptoms",
        "category": "task",
        "subCat": "Corrective Action",
        "link1": "",
        "link2": "",
        "link3": "",
        "link4": "",
        "priority": "Critical",
        "deadline": "",
        "userDate": "",
        "x": 900,
        "y": 700,
        "fx": 900,
        "fy": 700,
        "createdDate": "2026-01-02T00:00:00.000Z",
        "modifiedDate": "2026-01-02T00:00:00.000Z"
      },
      {
        "id": "wf3_task4",
        "name": "Develop CA Plan",
        "color": "#e74c3c",
        "size": 14,
        "icon": "📋",
        "description": "Create corrective action plan addressing root cause with specific actions, responsibilities, and timelines",
        "category": "task",
        "subCat": "Corrective Action",
        "link1": "",
        "link2": "",
        "link3": "",
        "link4": "",
        "priority": "Critical",
        "deadline": "",
        "userDate": "",
        "x": 1100,
        "y": 700,
        "fx": 1100,
        "fy": 700,
        "createdDate": "2026-01-02T00:00:00.000Z",
        "modifiedDate": "2026-01-02T00:00:00.000Z"
      },
      {
        "id": "wf3_decision2",
        "name": "Plan Approved?",
        "color": "#f39c12",
        "size": 16,
        "icon": "❓",
        "description": "Quality management reviews and approves or requests revision to corrective action plan",
        "category": "decision",
        "subCat": "Corrective Action",
        "link1": "",
        "link2": "",
        "link3": "",
        "link4": "",
        "priority": "High",
        "deadline": "",
        "userDate": "",
        "x": 1300,
        "y": 700,
        "fx": 1300,
        "fy": 700,
        "createdDate": "2026-01-02T00:00:00.000Z",
        "modifiedDate": "2026-01-02T00:00:00.000Z"
      },
      {
        "id": "wf3_task5",
        "name": "Implement Corrective Action",
        "color": "#e74c3c",
        "size": 14,
        "icon": "🔧",
        "description": "Execute the approved corrective action plan including containment and permanent corrective actions",
        "category": "task",
        "subCat": "Corrective Action",
        "link1": "",
        "link2": "",
        "link3": "",
        "link4": "",
        "priority": "Critical",
        "deadline": "",
        "userDate": "",
        "x": 1500,
        "y": 700,
        "fx": 1500,
        "fy": 700,
        "createdDate": "2026-01-02T00:00:00.000Z",
        "modifiedDate": "2026-01-02T00:00:00.000Z"
      },
      {
        "id": "wf3_task6",
        "name": "Verify Implementation",
        "color": "#e74c3c",
        "size": 14,
        "icon": "✔️",
        "description": "Confirm that corrective actions were implemented as planned",
        "category": "task",
        "subCat": "Corrective Action",
        "link1": "",
        "link2": "",
        "link3": "",
        "link4": "",
        "priority": "High",
        "deadline": "",
        "userDate": "",
        "x": 1700,
        "y": 700,
        "fx": 1700,
        "fy": 700,
        "createdDate": "2026-01-02T00:00:00.000Z",
        "modifiedDate": "2026-01-02T00:00:00.000Z"
      },
      {
        "id": "wf3_task7",
        "name": "Wait Appropriate Time",
        "color": "#e74c3c",
        "size": 14,
        "icon": "⏳",
        "description": "Allow sufficient time for corrective action to demonstrate effectiveness in preventing recurrence",
        "category": "task",
        "subCat": "Corrective Action",
        "link1": "",
        "link2": "",
        "link3": "",
        "link4": "",
        "priority": "Medium",
        "deadline": "",
        "userDate": "",
        "x": 1900,
        "y": 700,
        "fx": 1900,
        "fy": 700,
        "createdDate": "2026-01-02T00:00:00.000Z",
        "modifiedDate": "2026-01-02T00:00:00.000Z"
      },
      {
        "id": "wf3_task8",
        "name": "Verify Effectiveness",
        "color": "#e74c3c",
        "size": 14,
        "icon": "✅",
        "description": "Conduct follow-up verification to ensure corrective action prevented recurrence of the issue",
        "category": "task",
        "subCat": "Corrective Action",
        "link1": "",
        "link2": "",
        "link3": "",
        "link4": "",
        "priority": "Critical",
        "deadline": "",
        "userDate": "",
        "x": 2100,
        "y": 700,
        "fx": 2100,
        "fy": 700,
        "createdDate": "2026-01-02T00:00:00.000Z",
        "modifiedDate": "2026-01-02T00:00:00.000Z"
      },
      {
        "id": "wf3_decision3",
        "name": "Effective?",
        "color": "#f39c12",
        "size": 16,
        "icon": "❓",
        "description": "Determine if corrective action successfully prevented recurrence",
        "category": "decision",
        "subCat": "Corrective Action",
        "link1": "",
        "link2": "",
        "link3": "",
        "link4": "",
        "priority": "Critical",
        "deadline": "",
        "userDate": "",
        "x": 2300,
        "y": 700,
        "fx": 2300,
        "fy": 700,
        "createdDate": "2026-01-02T00:00:00.000Z",
        "modifiedDate": "2026-01-02T00:00:00.000Z"
      },
      {
        "id": "wf3_task9",
        "name": "Close Finding",
        "color": "#e74c3c",
        "size": 14,
        "icon": "🔒",
        "description": "Formally close the finding with documentation of all actions taken and verification results",
        "category": "task",
        "subCat": "Corrective Action",
        "link1": "",
        "link2": "",
        "link3": "",
        "link4": "",
        "priority": "High",
        "deadline": "",
        "userDate": "",
        "x": 2300,
        "y": 900,
        "fx": 2300,
        "fy": 900,
        "createdDate": "2026-01-02T00:00:00.000Z",
        "modifiedDate": "2026-01-02T00:00:00.000Z"
      },
      {
        "id": "wf3_task10",
        "name": "Update Risk Register",
        "color": "#e74c3c",
        "size": 14,
        "icon": "📊",
        "description": "Update organizational risk register based on findings and corrective actions taken",
        "category": "task",
        "subCat": "Corrective Action",
        "link1": "",
        "link2": "",
        "link3": "",
        "link4": "",
        "priority": "Medium",
        "deadline": "",
        "userDate": "",
        "x": 2100,
        "y": 900,
        "fx": 2100,
        "fy": 900,
        "createdDate": "2026-01-02T00:00:00.000Z",
        "modifiedDate": "2026-01-02T00:00:00.000Z"
      },
      {
        "id": "wf3_task11",
        "name": "Document Lessons Learned",
        "color": "#e74c3c",
        "size": 14,
        "icon": "📚",
        "description": "Capture lessons learned and share knowledge to prevent similar issues across the organization",
        "category": "task",
        "subCat": "Corrective Action",
        "link1": "",
        "link2": "",
        "link3": "",
        "link4": "",
        "priority": "Medium",
        "deadline": "",
        "userDate": "",
        "x": 1900,
        "y": 900,
        "fx": 1900,
        "fy": 900,
        "createdDate": "2026-01-02T00:00:00.000Z",
        "modifiedDate": "2026-01-02T00:00:00.000Z"
      },
      {
        "id": "wf3_end",
        "name": "End",
        "color": "#c0392b",
        "size": 18,
        "icon": "⏹️",
        "description": "Corrective Action Process Complete",
        "category": "start-end",
        "subCat": "Corrective Action",
        "link1": "",
        "link2": "",
        "link3": "",
        "link4": "",
        "priority": "Critical",
        "deadline": "",
        "userDate": "",
        "x": 1700,
        "y": 900,
        "fx": 1700,
        "fy": 900,
        "createdDate": "2026-01-02T00:00:00.000Z",
        "modifiedDate": "2026-01-02T00:00:00.000Z"
      }
    ],
    "edges": [
      {
        "id": "wf3_edge_start_to_task1",
        "name": "begin",
        "source": "wf3_start",
        "target": "wf3_task1",
        "description": "Finding identified",
        "relationship": "next",
        "directed": true,
        "color": "#27ae60",
        "weight": 2
      },
      {
        "id": "wf3_edge_task1_to_task2",
        "name": "proceed",
        "source": "wf3_task1",
        "target": "wf3_task2",
        "description": "Notify auditee",
        "relationship": "next",
        "directed": true,
        "color": "#e74c3c",
        "weight": 2
      },
      {
        "id": "wf3_edge_task2_to_decision1",
        "name": "evaluate",
        "source": "wf3_task2",
        "target": "wf3_decision1",
        "description": "Evaluate severity",
        "relationship": "next",
        "directed": true,
        "color": "#e74c3c",
        "weight": 2
      },
      {
        "id": "wf3_edge_decision1_to_task3_yes",
        "name": "yes - CA required",
        "source": "wf3_decision1",
        "target": "wf3_task3",
        "description": "CA required - Begin RCA",
        "relationship": "next",
        "directed": true,
        "color": "#e67e22",
        "weight": 2
      },
      {
        "id": "wf3_edge_decision1_to_task9_no",
        "name": "no - close",
        "source": "wf3_decision1",
        "target": "wf3_task9",
        "description": "No CA required - Close",
        "relationship": "next",
        "directed": true,
        "color": "#27ae60",
        "weight": 2
      },
      {
        "id": "wf3_edge_task3_to_task4",
        "name": "proceed",
        "source": "wf3_task3",
        "target": "wf3_task4",
        "description": "Develop plan",
        "relationship": "next",
        "directed": true,
        "color": "#e74c3c",
        "weight": 2
      },
      {
        "id": "wf3_edge_task4_to_decision2",
        "name": "submit",
        "source": "wf3_task4",
        "target": "wf3_decision2",
        "description": "Submit for approval",
        "relationship": "next",
        "directed": true,
        "color": "#e74c3c",
        "weight": 2
      },
      {
        "id": "wf3_edge_decision2_to_task5_yes",
        "name": "yes - approved",
        "source": "wf3_decision2",
        "target": "wf3_task5",
        "description": "Approved - Implement",
        "relationship": "next",
        "directed": true,
        "color": "#27ae60",
        "weight": 2
      },
      {
        "id": "wf3_edge_decision2_to_task4_no",
        "name": "no - revise",
        "source": "wf3_decision2",
        "target": "wf3_task4",
        "description": "Not approved - Revise plan",
        "relationship": "next",
        "directed": true,
        "color": "#e67e22",
        "weight": 2
      },
      {
        "id": "wf3_edge_task5_to_task6",
        "name": "proceed",
        "source": "wf3_task5",
        "target": "wf3_task6",
        "description": "Verify implementation",
        "relationship": "next",
        "directed": true,
        "color": "#e74c3c",
        "weight": 2
      },
      {
        "id": "wf3_edge_task6_to_task7",
        "name": "proceed",
        "source": "wf3_task6",
        "target": "wf3_task7",
        "description": "Wait for effectiveness period",
        "relationship": "next",
        "directed": true,
        "color": "#e74c3c",
        "weight": 2
      },
      {
        "id": "wf3_edge_task7_to_task8",
        "name": "proceed",
        "source": "wf3_task7",
        "target": "wf3_task8",
        "description": "Conduct effectiveness check",
        "relationship": "next",
        "directed": true,
        "color": "#e74c3c",
        "weight": 2
      },
      {
        "id": "wf3_edge_task8_to_decision3",
        "name": "evaluate",
        "source": "wf3_task8",
        "target": "wf3_decision3",
        "description": "Evaluate effectiveness",
        "relationship": "next",
        "directed": true,
        "color": "#e74c3c",
        "weight": 2
      },
      {
        "id": "wf3_edge_decision3_to_task9_yes",
        "name": "yes - effective",
        "source": "wf3_decision3",
        "target": "wf3_task9",
        "description": "Effective - Close finding",
        "relationship": "next",
        "directed": true,
        "color": "#27ae60",
        "weight": 2
      },
      {
        "id": "wf3_edge_decision3_to_task4_no",
        "name": "no - re-plan",
        "source": "wf3_decision3",
        "target": "wf3_task4",
        "description": "Not effective - Re-plan",
        "relationship": "next",
        "directed": true,
        "color": "#e74c3c",
        "weight": 2
      },
      {
        "id": "wf3_edge_task9_to_task10",
        "name": "proceed",
        "source": "wf3_task9",
        "target": "wf3_task10",
        "description": "Update risk register",
        "relationship": "next",
        "directed": true,
        "color": "#e74c3c",
        "weight": 2
      },
      {
        "id": "wf3_edge_task10_to_task11",
        "name": "proceed",
        "source": "wf3_task10",
        "target": "wf3_task11",
        "description": "Document lessons",
        "relationship": "next",
        "directed": true,
        "color": "#e74c3c",
        "weight": 2
      },
      {
        "id": "wf3_edge_task11_to_end",
        "name": "complete",
        "source": "wf3_task11",
        "target": "wf3_end",
        "description": "Complete",
        "relationship": "next",
        "directed": true,
        "color": "#27ae60",
        "weight": 2
      }
    ]
  }
}
