{
  "graph": {
    "metadata": {
      "name": "Individual_Audit_Execution",
      "title": "Individual Audit Execution Workflow",
      "description": "Complete workflow for executing a single internal audit from scope definition through closure. Includes all phases: planning, preparation, execution, reporting, corrective action tracking, effectiveness verification, and program metrics updates.",
      "created": "2026-01-02",
      "modified": "2026-01-02"
    },
    "settings": {
      "nodeLabelSize": 12,
      "edgeLabelSize": 10,
      "worldBoundary": {
        "enabled": false,
        "minX": -2000,
        "maxX": 2000,
        "minY": -2000,
        "maxY": 2000
      }
    },
    "nodes": [
      {
        "id": "wf2_start",
        "name": "Start",
        "color": "#27ae60",
        "size": 18,
        "icon": "▶️",
        "description": "Begin Individual Audit Execution",
        "category": "start-end",
        "subCat": "Audit Execution",
        "link1": "",
        "link2": "",
        "link3": "",
        "link4": "",
        "priority": "Critical",
        "deadline": "",
        "userDate": "",
        "x": 100,
        "y": 400,
        "fx": 100,
        "fy": 400,
        "createdDate": "2026-01-02T00:00:00.000Z",
        "modifiedDate": "2026-01-02T00:00:00.000Z"
      },
      {
        "id": "wf2_task1",
        "name": "Define Audit Scope",
        "color": "#9b59b6",
        "size": 14,
        "icon": "🎯",
        "description": "Establish audit objectives, criteria, scope, duration, and locations to be audited",
        "category": "task",
        "subCat": "Audit Execution",
        "link1": "",
        "link2": "",
        "link3": "",
        "link4": "",
        "priority": "Critical",
        "deadline": "",
        "userDate": "",
        "x": 300,
        "y": 400,
        "fx": 300,
        "fy": 400,
        "createdDate": "2026-01-02T00:00:00.000Z",
        "modifiedDate": "2026-01-02T00:00:00.000Z"
      },
      {
        "id": "wf2_task2",
        "name": "Select Auditors",
        "color": "#9b59b6",
        "size": 14,
        "icon": "👥",
        "description": "Assign qualified auditors ensuring independence, competence, and impartiality requirements are met",
        "category": "task",
        "subCat": "Audit Execution",
        "link1": "",
        "link2": "",
        "link3": "",
        "link4": "",
        "priority": "Critical",
        "deadline": "",
        "userDate": "",
        "x": 500,
        "y": 400,
        "fx": 500,
        "fy": 400,
        "createdDate": "2026-01-02T00:00:00.000Z",
        "modifiedDate": "2026-01-02T00:00:00.000Z"
      },
      {
        "id": "wf2_task3",
        "name": "Prepare Audit Checklist",
        "color": "#9b59b6",
        "size": 14,
        "icon": "📋",
        "description": "Develop audit checklist based on AS9100D requirements, procedures, and risk areas",
        "category": "task",
        "subCat": "Audit Execution",
        "link1": "",
        "link2": "",
        "link3": "",
        "link4": "",
        "priority": "High",
        "deadline": "",
        "userDate": "",
        "x": 700,
        "y": 400,
        "fx": 700,
        "fy": 400,
        "createdDate": "2026-01-02T00:00:00.000Z",
        "modifiedDate": "2026-01-02T00:00:00.000Z"
      },
      {
        "id": "wf2_task4",
        "name": "Review Documents",
        "color": "#9b59b6",
        "size": 14,
        "icon": "📄",
        "description": "Review relevant procedures, work instructions, previous audit reports, and process documentation",
        "category": "task",
        "subCat": "Audit Execution",
        "link1": "",
        "link2": "",
        "link3": "",
        "link4": "",
        "priority": "High",
        "deadline": "",
        "userDate": "",
        "x": 900,
        "y": 400,
        "fx": 900,
        "fy": 400,
        "createdDate": "2026-01-02T00:00:00.000Z",
        "modifiedDate": "2026-01-02T00:00:00.000Z"
      },
      {
        "id": "wf2_task5",
        "name": "Conduct Opening Meeting",
        "color": "#9b59b6",
        "size": 14,
        "icon": "🤝",
        "description": "Present audit plan, confirm scope, introduce team, and establish communication protocols",
        "category": "task",
        "subCat": "Audit Execution",
        "link1": "",
        "link2": "",
        "link3": "",
        "link4": "",
        "priority": "High",
        "deadline": "",
        "userDate": "",
        "x": 1100,
        "y": 400,
        "fx": 1100,
        "fy": 400,
        "createdDate": "2026-01-02T00:00:00.000Z",
        "modifiedDate": "2026-01-02T00:00:00.000Z"
      },
      {
        "id": "wf2_task6",
        "name": "Collect Evidence",
        "color": "#9b59b6",
        "size": 14,
        "icon": "🔍",
        "description": "Gather objective evidence through interviews, observations, and examination of records",
        "category": "task",
        "subCat": "Audit Execution",
        "link1": "",
        "link2": "",
        "link3": "",
        "link4": "",
        "priority": "Critical",
        "deadline": "",
        "userDate": "",
        "x": 1300,
        "y": 400,
        "fx": 1300,
        "fy": 400,
        "createdDate": "2026-01-02T00:00:00.000Z",
        "modifiedDate": "2026-01-02T00:00:00.000Z"
      },
      {
        "id": "wf2_task7",
        "name": "Document Findings",
        "color": "#9b59b6",
        "size": 14,
        "icon": "📝",
        "description": "Record all audit findings (conformities, nonconformities, observations) with supporting evidence",
        "category": "task",
        "subCat": "Audit Execution",
        "link1": "",
        "link2": "",
        "link3": "",
        "link4": "",
        "priority": "Critical",
        "deadline": "",
        "userDate": "",
        "x": 1500,
        "y": 400,
        "fx": 1500,
        "fy": 400,
        "createdDate": "2026-01-02T00:00:00.000Z",
        "modifiedDate": "2026-01-02T00:00:00.000Z"
      },
      {
        "id": "wf2_task8",
        "name": "Analyze Findings",
        "color": "#9b59b6",
        "size": 14,
        "icon": "🔬",
        "description": "Classify findings by severity (major/minor nonconformity, observation) and determine impact",
        "category": "task",
        "subCat": "Audit Execution",
        "link1": "",
        "link2": "",
        "link3": "",
        "link4": "",
        "priority": "High",
        "deadline": "",
        "userDate": "",
        "x": 1700,
        "y": 400,
        "fx": 1700,
        "fy": 400,
        "createdDate": "2026-01-02T00:00:00.000Z",
        "modifiedDate": "2026-01-02T00:00:00.000Z"
      },
      {
        "id": "wf2_task9",
        "name": "Conduct Closing Meeting",
        "color": "#9b59b6",
        "size": 14,
        "icon": "🎤",
        "description": "Present audit results, findings, and conclusions to auditee management",
        "category": "task",
        "subCat": "Audit Execution",
        "link1": "",
        "link2": "",
        "link3": "",
        "link4": "",
        "priority": "High",
        "deadline": "",
        "userDate": "",
        "x": 1900,
        "y": 400,
        "fx": 1900,
        "fy": 400,
        "createdDate": "2026-01-02T00:00:00.000Z",
        "modifiedDate": "2026-01-02T00:00:00.000Z"
      },
      {
        "id": "wf2_task10",
        "name": "Prepare Audit Report",
        "color": "#9b59b6",
        "size": 14,
        "icon": "📊",
        "description": "Complete formal audit report within 5 days documenting scope, findings, conclusions, and recommendations",
        "category": "task",
        "subCat": "Audit Execution",
        "link1": "",
        "link2": "",
        "link3": "",
        "link4": "",
        "priority": "Critical",
        "deadline": "",
        "userDate": "",
        "x": 2100,
        "y": 400,
        "fx": 2100,
        "fy": 400,
        "createdDate": "2026-01-02T00:00:00.000Z",
        "modifiedDate": "2026-01-02T00:00:00.000Z"
      },
      {
        "id": "wf2_decision1",
        "name": "Findings Require CA?",
        "color": "#f39c12",
        "size": 16,
        "icon": "❓",
        "description": "Determine if findings require corrective action or can be closed",
        "category": "decision",
        "subCat": "Audit Execution",
        "link1": "",
        "link2": "",
        "link3": "",
        "link4": "",
        "priority": "High",
        "deadline": "",
        "userDate": "",
        "x": 2300,
        "y": 400,
        "fx": 2300,
        "fy": 400,
        "createdDate": "2026-01-02T00:00:00.000Z",
        "modifiedDate": "2026-01-02T00:00:00.000Z"
      },
      {
        "id": "wf2_task11",
        "name": "Track Corrective Actions",
        "color": "#9b59b6",
        "size": 14,
        "icon": "📍",
        "description": "Monitor status and implementation of corrective action plans",
        "category": "task",
        "subCat": "Audit Execution",
        "link1": "",
        "link2": "",
        "link3": "",
        "link4": "",
        "priority": "High",
        "deadline": "",
        "userDate": "",
        "x": 2300,
        "y": 550,
        "fx": 2300,
        "fy": 550,
        "createdDate": "2026-01-02T00:00:00.000Z",
        "modifiedDate": "2026-01-02T00:00:00.000Z"
      },
      {
        "id": "wf2_task12",
        "name": "Verify Effectiveness",
        "color": "#9b59b6",
        "size": 14,
        "icon": "✅",
        "description": "Verify that corrective actions effectively addressed the root cause and prevented recurrence",
        "category": "task",
        "subCat": "Audit Execution",
        "link1": "",
        "link2": "",
        "link3": "",
        "link4": "",
        "priority": "Critical",
        "deadline": "",
        "userDate": "",
        "x": 2100,
        "y": 550,
        "fx": 2100,
        "fy": 550,
        "createdDate": "2026-01-02T00:00:00.000Z",
        "modifiedDate": "2026-01-02T00:00:00.000Z"
      },
      {
        "id": "wf2_task13",
        "name": "Close Audit",
        "color": "#9b59b6",
        "size": 14,
        "icon": "🔒",
        "description": "Formally close the audit after all findings are resolved and verified",
        "category": "task",
        "subCat": "Audit Execution",
        "link1": "",
        "link2": "",
        "link3": "",
        "link4": "",
        "priority": "High",
        "deadline": "",
        "userDate": "",
        "x": 1900,
        "y": 550,
        "fx": 1900,
        "fy": 550,
        "createdDate": "2026-01-02T00:00:00.000Z",
        "modifiedDate": "2026-01-02T00:00:00.000Z"
      },
      {
        "id": "wf2_task14",
        "name": "Update Program Metrics",
        "color": "#9b59b6",
        "size": 14,
        "icon": "📈",
        "description": "Update audit program statistics and performance indicators",
        "category": "task",
        "subCat": "Audit Execution",
        "link1": "",
        "link2": "",
        "link3": "",
        "link4": "",
        "priority": "Medium",
        "deadline": "",
        "userDate": "",
        "x": 1700,
        "y": 550,
        "fx": 1700,
        "fy": 550,
        "createdDate": "2026-01-02T00:00:00.000Z",
        "modifiedDate": "2026-01-02T00:00:00.000Z"
      },
      {
        "id": "wf2_end",
        "name": "End",
        "color": "#c0392b",
        "size": 18,
        "icon": "⏹️",
        "description": "Audit Execution Complete",
        "category": "start-end",
        "subCat": "Audit Execution",
        "link1": "",
        "link2": "",
        "link3": "",
        "link4": "",
        "priority": "Critical",
        "deadline": "",
        "userDate": "",
        "x": 1500,
        "y": 550,
        "fx": 1500,
        "fy": 550,
        "createdDate": "2026-01-02T00:00:00.000Z",
        "modifiedDate": "2026-01-02T00:00:00.000Z"
      }
    ],
    "edges": [
      {
        "id": "wf2_edge_start_to_task1",
        "name": "begin",
        "source": "wf2_start",
        "target": "wf2_task1",
        "description": "Begin with scope definition",
        "relationship": "next",
        "directed": true,
        "color": "#27ae60",
        "weight": 2
      },
      {
        "id": "wf2_edge_task1_to_task2",
        "name": "proceed",
        "source": "wf2_task1",
        "target": "wf2_task2",
        "description": "Assign auditors",
        "relationship": "next",
        "directed": true,
        "color": "#9b59b6",
        "weight": 2
      },
      {
        "id": "wf2_edge_task2_to_task3",
        "name": "proceed",
        "source": "wf2_task2",
        "target": "wf2_task3",
        "description": "Prepare checklist",
        "relationship": "next",
        "directed": true,
        "color": "#9b59b6",
        "weight": 2
      },
      {
        "id": "wf2_edge_task3_to_task4",
        "name": "proceed",
        "source": "wf2_task3",
        "target": "wf2_task4",
        "description": "Review documentation",
        "relationship": "next",
        "directed": true,
        "color": "#9b59b6",
        "weight": 2
      },
      {
        "id": "wf2_edge_task4_to_task5",
        "name": "proceed",
        "source": "wf2_task4",
        "target": "wf2_task5",
        "description": "Conduct opening meeting",
        "relationship": "next",
        "directed": true,
        "color": "#9b59b6",
        "weight": 2
      },
      {
        "id": "wf2_edge_task5_to_task6",
        "name": "proceed",
        "source": "wf2_task5",
        "target": "wf2_task6",
        "description": "Begin evidence collection",
        "relationship": "next",
        "directed": true,
        "color": "#9b59b6",
        "weight": 2
      },
      {
        "id": "wf2_edge_task6_to_task7",
        "name": "proceed",
        "source": "wf2_task6",
        "target": "wf2_task7",
        "description": "Document findings",
        "relationship": "next",
        "directed": true,
        "color": "#9b59b6",
        "weight": 2
      },
      {
        "id": "wf2_edge_task7_to_task8",
        "name": "proceed",
        "source": "wf2_task7",
        "target": "wf2_task8",
        "description": "Analyze findings",
        "relationship": "next",
        "directed": true,
        "color": "#9b59b6",
        "weight": 2
      },
      {
        "id": "wf2_edge_task8_to_task9",
        "name": "proceed",
        "source": "wf2_task8",
        "target": "wf2_task9",
        "description": "Present results",
        "relationship": "next",
        "directed": true,
        "color": "#9b59b6",
        "weight": 2
      },
      {
        "id": "wf2_edge_task9_to_task10",
        "name": "proceed",
        "source": "wf2_task9",
        "target": "wf2_task10",
        "description": "Prepare report",
        "relationship": "next",
        "directed": true,
        "color": "#9b59b6",
        "weight": 2
      },
      {
        "id": "wf2_edge_task10_to_decision1",
        "name": "evaluate",
        "source": "wf2_task10",
        "target": "wf2_decision1",
        "description": "Evaluate findings",
        "relationship": "next",
        "directed": true,
        "color": "#9b59b6",
        "weight": 2
      },
      {
        "id": "wf2_edge_decision1_to_task11_yes",
        "name": "yes - CA required",
        "source": "wf2_decision1",
        "target": "wf2_task11",
        "description": "CA required - Track actions",
        "relationship": "next",
        "directed": true,
        "color": "#e67e22",
        "weight": 2
      },
      {
        "id": "wf2_edge_decision1_to_task13_no",
        "name": "no - close",
        "source": "wf2_decision1",
        "target": "wf2_task13",
        "description": "No CA required - Close audit",
        "relationship": "next",
        "directed": true,
        "color": "#27ae60",
        "weight": 2
      },
      {
        "id": "wf2_edge_task11_to_task12",
        "name": "proceed",
        "source": "wf2_task11",
        "target": "wf2_task12",
        "description": "Verify effectiveness",
        "relationship": "next",
        "directed": true,
        "color": "#9b59b6",
        "weight": 2
      },
      {
        "id": "wf2_edge_task12_to_task13",
        "name": "proceed",
        "source": "wf2_task12",
        "target": "wf2_task13",
        "description": "Close audit",
        "relationship": "next",
        "directed": true,
        "color": "#9b59b6",
        "weight": 2
      },
      {
        "id": "wf2_edge_task13_to_task14",
        "name": "proceed",
        "source": "wf2_task13",
        "target": "wf2_task14",
        "description": "Update metrics",
        "relationship": "next",
        "directed": true,
        "color": "#9b59b6",
        "weight": 2
      },
      {
        "id": "wf2_edge_task14_to_end",
        "name": "complete",
        "source": "wf2_task14",
        "target": "wf2_end",
        "description": "Complete",
        "relationship": "next",
        "directed": true,
        "color": "#27ae60",
        "weight": 2
      }
    ]
  }
}
